Pornstar,Total
ALEX COAL,1.0
Aaaane87,0.0
Aaeysha,4.0
Aaliyah Hadid,31.0
Aaliyah Jolie,2.0
Aaliyah Love,64.0
Aaralyn Barra,1.0
Aarielle Alexis,0.0
Abagelle Banks,0.0
Abbey Brooks,7.0
Abbey Rain,4.0
Abbie Cat,5.0
Abbie Maley,5.0
Abby Adams,8.0
Abby Bynes,0.0
Abby Cross,9.0
Abby Lee Brazil,22.0
Abby Paradise,4.0
Abby Rains,0.0
Abby Rode,0.0
Abella Anderson,12.0
Abella Danger,326.0
Abi Grace,2.0
Abigail Ash,1.0
Abigail Fraser,0.0
Abigail Mac,111.0
Abigail Peach,2.0
Abigail Toyne,0.0
Abigaile Johnson,4.0
Acabada Cara,0.0
Actrita Fututa,0.0
Actrita Romanca,0.0
Ada Sanchez,17.0
Adara Love,2.0
Addee Kate,5.0
Addie Andrew,7.0
Addie Andrews,7.0
Addie Juniper,1.0
Addison Avery,1.0
Addison Blaine,1.0
Addison Cain,0.0
Addison Lee,8.0
Addison O'Riley,0.0
Addison O'riley,1.0
Addison Rose,0.0
Addison Ryder,4.0
Adel Asanty,3.0
Adel Morel,18.0
Adele,1.0
Adele Adelia,1.0
Adele Sunshine,4.0
Adele Taylor,1.0
Adelle Unicorn,10.0
Adessa Winters,5.0
Adina Jewel,0.0
Adira Allure,30.0
Ado Francaise,0.0
Adora Ray,0.0
Adria Fox,0.0
Adria Rae,133.0
Adrian Hush,5.0
Adrian Maya,2.0
Adriana Chechik,262.0
Adriana Deville,0.0
Adriana Luna,0.0
Adriana Lynn,2.0
Adriana Maya,8.0
Adriana Russo,1.0
Adriana Sage,0.0
Adriana Sephora,2.0
Adrianna Faust,0.0
Adrianna Luna,6.0
Adrianna Milano,0.0
Adrianna Nicole,5.0
Adrienne Manning,0.0
Afina Kisser,0.0
Aften Opal,19.0
Afton Marie,0.0
Agatha Moreno,0.0
Ahryan Astyn,0.0
Ai Himeno,0.0
Ai Kurosawa,0.0
Ai Uehara,0.0
Aida Sweet,7.0
Aidan Layne,0.0
Aiden Ashley,15.0
Aiden Aspen,2.0
Aiden Starr,4.0
Aidra,15.0
Aidra Fox,102.0
Aidra Rae,0.0
Aika Miura,0.0
Aila Donovan,1.0
Aileen Ghettman,0.0
Aimee Addison,3.0
Aimee Black,4.0
Aimee Ryan,4.0
Aimi Yoshikawa,0.0
Ainsley Addison,2.0
Aisaki Kotone,0.0
Aische Pervers,0.0
Aisha Sun,0.0
Aizawa Haruka,0.0
Aj Applegate,16.0
Aj Bailey,0.0
Aj Estrada,3.0
Akane Hotaru,0.0
Akane Mochida,0.0
Akari Hoshino,0.0
Akari Minami,1.0
Akari Satsuki,0.0
Akasha Coliun,2.0
Akasha Cullen,2.0
Akiho Nishimura,1.0
Akiho Yoshizawa,4.0
Akira Lane,0.0
Alaina Dawson,14.0
Alaina Kristar,12.0
Alan Stafford,0.0
Alana Cruise,16.0
Alana Evans,0.0
Alana Lace,1.0
Alana Leigh,1.0
Alana Luv,2.0
Alana Moon,0.0
Alana Rains,6.0
Alana Ryder,0.0
Alana Summers,5.0
Alanah Rae,5.0
Alani Pi,1.0
Alanna Ackerman,0.0
Alaura Eden,0.0
Alayah Sashu,0.0
Alberto Blanco,13.0
Alby Ryde,2.0
Alby Ryder,0.0
Alby Rydes,2.0
Alec Knight,0.0
Alecia Fox,35.0
Alecia Knight,0.0
Aleksa Diamond,1.0
Aleksa Slusarchi,0.0
Alektra Blue,5.0
Alena,2.0
Alena Croft,19.0
Aleska Diamond,11.0
Alessa Savage,6.0
Alessandra Jane,18.0
Alessandra Maia,0.0
Alessandra Marquez,0.0
Alessandra Miller,0.0
Alessandra Noir,0.0
Alessia Romei,0.0
Aletta Ocean,27.0
Alex Aces,0.0
Alex Adams,11.0
Alex Badboy,1.0
Alex Bee,1.0
Alex Black,4.0
Alex Blake,32.0
Alex Blonde,0.0
Alex Chance,16.0
Alex Coal,39.0
Alex D,32.0
Alex Dane,0.0
Alex Davis,0.0
Alex De La Flor,25.0
Alex Devine,0.0
Alex Grey,44.0
Alex Harper,8.0
Alex Jett,9.0
Alex Jones,6.0
Alex Jordan,0.0
Alex Legend,23.0
Alex Little,5.0
Alex Mack,1.0
Alex Mae,8.0
Alex More,8.0
Alex Tanner,15.0
Alexa Andreas,0.0
Alexa Benson,2.0
Alexa Bold,1.0
Alexa Cruz,0.0
Alexa Grace,55.0
Alexa Jaymes,0.0
Alexa Jones,1.0
Alexa Jordan,0.0
Alexa Loren,0.0
Alexa Lynn,0.0
Alexa May,0.0
Alexa Mia Nicole,0.0
Alexa Nasha,2.0
Alexa Nicole,1.0
Alexa Nova,19.0
Alexa Rae,0.0
Alexa Raye,10.0
Alexa Tomas,31.0
Alexa Vega,1.0
Alexa Von Tess,0.0
Alexa Weix,0.0
Alexandra Cat,0.0
Alexandra Nice,0.0
Alexandra Silk,0.0
Alexandria Quinn,0.0
Alexia Anders,6.0
Alexia Gold,7.0
Alexia Rae,0.0
Alexia Sky,2.0
Alexia Skye,1.0
Alexis Adams,67.0
Alexis Amore,2.0
Alexis Andrews,5.0
Alexis Blaze,2.0
Alexis Breeze,5.0
Alexis Brill,13.0
Alexis Capri,0.0
Alexis Crystal,104.0
Alexis Deen,0.0
Alexis Fawk,1.0
Alexis Fawx,86.0
Alexis Ford,8.0
Alexis Golden,2.0
Alexis Grace,4.0
Alexis Love,2.0
Alexis Malone,0.0
Alexis May,7.0
Alexis Monroe,14.0
Alexis Paige,0.0
Alexis Rain,1.0
Alexis Rodriguez,4.0
Alexis Silver,0.0
Alexis Tae,20.0
Alexis Taylor,0.0
Alexis Texas,81.0
Alexis Tomas,1.0
Alexis Venton,0.0
Alexis Zara,7.0
Alexxa Vice,5.0
Ali Novak,2.0
Alia Janine,3.0
Alia Starr,0.0
Aliana Kristar,0.0
Aliana Love,0.0
Alice Andrea,1.0
Alice Bell,0.0
Alice Bong,3.0
Alice Chambers,0.0
Alice Cheshire,0.0
Alice Coxxx,2.0
Alice Frost,3.0
Alice Green,24.0
Alice King,4.0
Alice Klay,16.0
Alice Koks,1.0
Alice Lighthouse,1.0
Alice March,23.0
Alice Marchesi,0.0
Alice Marshall,9.0
Alice Merchesi,4.0
Alice Miller,0.0
Alice Nice,1.0
Alice Nysm,2.0
Alice Ozawa,0.0
Alice Pink,8.0
Alice Redlips,74.0
Alice Romain,3.0
Alice Shea,3.0
Alice White,2.0
Alice Wonder,0.0
Alice Wondrr,15.0
Alicia A,25.0
Alicia Alighatti,0.0
Alicia Angel,0.0
Alicia Foxx,0.0
Alicia Monet,0.0
Alicia Rhodes,0.0
Alicia Rio,0.0
Alicia Silver,0.0
Alicia Tease,0.0
Alicia Tyler,0.0
Alicia Williams,14.0
Alicyn Sterling,0.0
Alie Rae,0.0
Aliha Anderson,0.0
Alina Belle,15.0
Alina Li,40.0
Alina Lopez,66.0
Alina Rai,164.0
Alina West,13.0
Alisa Ford,0.0
Alisandra Monroe,0.0
Alisandra Snow,0.0
Alisha Adams,0.0
Alisha Klass,0.0
Alisha Laine,0.0
Alison Angel,0.0
Alison Avery,5.0
Alison Faye,2.0
Alison Rey,17.0
Alison Star,1.0
Alison Tyler,31.0
Alissa Noir,0.0
Alissa Reid,6.0
Alisya Gapes,0.0
Alix Lakehurst,0.0
Alix Lovell,1.0
Alix Lynx,39.0
Aliya Brynn,12.0
Aliya Johnson,1.0
Aliz,1.0
Allanah Li,0.0
Alli May,0.0
Alli Rae,14.0
Allie Addison,11.0
Allie Foster,0.0
Allie Haze,42.0
Allie James,9.0
Allie Jordan,3.0
Allie Knox,1.0
Allie Nicole,20.0
Allie Rae,4.0
Allie Ray,0.0
Allie Sin,0.0
Allison Banks,1.0
Allison Evers,0.0
Allison Kilgore,0.0
Allison Moore,11.0
Allison More,1.0
Allison Parker,0.0
Allison Pierce,1.0
Allison Rey,1.0
Allison Wyte,0.0
Alliyah Sky,1.0
Allora Ashlyn,2.0
Ally Ann,1.0
Ally Breelsen,3.0
Ally Kay,0.0
Ally Style,0.0
Ally Tate,3.0
Allysin Chaines,0.0
Allyssa Hall,0.0
Alma Blue,0.0
Alura Jenson,18.0
Aly Monroe,2.0
Alya Stark,14.0
Alyce Anderson,4.0
Alycia Starr,0.0
Alyiah Stone,0.0
Alysa Gap,4.0
Alysha Rylee,1.0
Alyssa Branch,10.0
Alyssa Cole,20.0
Alyssa Dior,3.0
Alyssa Hart,0.0
Alyssa Lynn,13.0
Alyssa Reece,57.0
Alyssa West,0.0
Alyssia Kent,65.0
Alyssia Loop,0.0
Amai Liu,2.0
Amanda Aims,1.0
Amanda Baby,0.0
Amanda Black,2.0
Amanda Blow,7.0
Amanda Cerny,0.0
Amanda Hill,1.0
Amanda Hunt,0.0
Amanda Lane,2.0
Amanda Logue,0.0
Amanda Tate,4.0
Amanda Vamp,0.0
Amanda Verhooks,0.0
Amara Romani,16.0
Amaranta Hank,1.0
Amari Anne,1.0
Amarna Miller,9.0
Amber Addis,2.0
Amber Alena,3.0
Amber Ashley,3.0
Amber Blank,2.0
Amber Chase,2.0
Amber Cox,5.0
Amber Dawn,0.0
Amber Deen,5.0
Amber Hahn,7.0
Amber Ivy,5.0
Amber Jade,3.0
Amber Jayne,10.0
Amber Keen,0.0
Amber Lynn,0.0
Amber Lynn Bach,0.0
Amber Michaels,0.0
Amber Nevada,3.0
Amber Peach,0.0
Amber Rain,1.0
Amber Rayne,11.0
Amber Rose,2.0
Amber Sex,0.0
Amber Sky,0.0
Amber Stars,0.0
Amber Swallows,0.0
Amber Sym,1.0
Amber West,0.0
Amel Annoga,1.0
Amelie Pure,0.0
Ameri Ichinose,2.0
America Moore,0.0
Amethyst Banks,1.0
Ami Emerson,1.0
Amia Miley,28.0
Amia Moretti,1.0
Amica Bentley,0.0
Amile Waters,0.0
Amilia Onyx,7.0
Amina Amore,0.0
Amina Danger,5.0
Amina Fara,2.0
Amira Adara,0.0
Amirah Adara,106.0
Amirah Adara ,91.0
Amy Anderson,0.0
Amy Anderssen,12.0
Amy Brooke,13.0
Amy Day,12.0
Amy Green,0.0
Amy Lee,9.0
Amy Parks,1.0
Amy Pink,2.0
Amy Red,0.0
Amy Reid,8.0
Amy Starz,1.0
Amy Summers,3.0
Amy Sweet,1.0
Ana Foxxx,11.0
Ana Monte Real,0.0
Ana Rose,13.0
Anabel Carter,12.0
Anabelle Pync,1.0
Anal,0.0
Ananta Shakti,7.0
Anastasia Black,6.0
Anastasia Blue,0.0
Anastasia Braun,0.0
Anastasia Brill,2.0
Anastasia Brokelyn,56.0
Anastasia Christ,0.0
Anastasia Devine,0.0
Anastasia Knight,27.0
Anastasia Lux,0.0
Anastasia Morna,3.0
Anastasia Rose,8.0
Anaya Leon,0.0
Andi Anderson,2.0
Andi James,0.0
Andi Land,0.0
Andi Rose,1.0
Andi Rye,4.0
Andie Valentino,0.0
Andrea Flores,1.0
Andrea Kelly,1.0
Andrea Sky,1.0
Andrea Tiffani Shegal,0.0
Andreea Mantea,0.0
Andreina De Luxe,2.0
Andreina Deluxe,7.0
Andy Brown,0.0
Andy San Dimas,4.0
Andy Savage,0.0
Andy Stone,2.0
Anell Lopez,0.0
Anetta Keys,0.0
Anette Dawn,0.0
Ange Venus,0.0
Angel Allwood,1.0
Angel Blonde,0.0
Angel Blue,0.0
Angel Cakes,0.0
Angel Cassidy,0.0
Angel Cummings,1.0
Angel Dark,3.0
Angel Del Rey,2.0
Angel Dickens,2.0
Angel Emily,50.0
Angel Eyes,0.0
Angel Kelly,0.0
Angel Kiss,3.0
Angel Lena,0.0
Angel Little,2.0
Angel Long,1.0
Angel Love,0.0
Angel Lynn,0.0
Angel Marie,0.0
Angel Piaff,14.0
Angel Pink,0.0
Angel Rivas,6.0
Angel Ryder,0.0
Angel Small,33.0
Angel Smalls,34.0
Angel Snow,0.0
Angel Vain,4.0
Angel Wicky,25.0
Angela Aspen,3.0
Angela Attison,5.0
Angela Bonnet,0.0
Angela Sommers,5.0
Angela Stone,1.0
Angela Summers,1.0
Angela White,248.0
Angela Winter,0.0
Angelic Anya,2.0
Angelica Bella,0.0
Angelica Black,0.0
Angelica Castro,0.0
Angelica Heart,5.0
Angelica Kitten,0.0
Angelica Lane,0.0
Angelica Raven,3.0
Angelica Saige,4.0
Angelica Sin,0.0
Angelica Taylor,0.0
Angelika Grays,25.0
Angelina Ash,0.0
Angelina Bonnet,2.0
Angelina Brill,2.0
Angelina Castro,0.0
Angelina Chung,3.0
Angelina Crow,0.0
Angelina Diamanti,6.0
Angelina Love,0.0
Angelina Sweet,0.0
Angelina Valentine,4.0
Angelina Wild,1.0
Angell Summers,3.0
Angella Christin,3.0
Angelo Godshack,5.0
Angie Koks,9.0
Angie Moon,23.0
Angie Noir,0.0
Angie Savage,1.0
Ani Black Fox,10.0
Ani Blackfox,8.0
Ania Kinski,16.0
Anie Darling,17.0
Anika Albrite,1.0
Anikka Albirte,0.0
Anikka Albrite,37.0
Anina Silk,8.0
Anissa Jolie,1.0
Anissa Kate,76.0
Anita B,32.0
Anita Bellini,23.0
Anita Blonde,0.0
Anita Blue,5.0
Anita Cannibal,0.0
Anita Dark,0.0
Anita Hengher,0.0
Anita Pearl,1.0
Anita Peida,0.0
Anita Queen,0.0
Anita Rinaldi,0.0
Anita Sparkle,1.0
Anjanette Astoria,0.0
Anjelica Ebbi,5.0
Anjelica Lauren,0.0
Ann Marie,4.0
Ann Marie La Sante,0.0
Ann Marie Rios,2.0
Ann Parker,0.0
Anna Bailey,3.0
Anna Beck,0.0
Anna Bell Peaks,22.0
Anna Belle,1.0
Anna Claire Clouds,1.0
Anna De Ville,13.0
Anna Deville,6.0
Anna Foxxx,1.0
Anna Jones,0.0
Anna Joy,0.0
Anna Lee,0.0
Anna Lena,0.0
Anna Lovato,2.0
Anna Malle,0.0
Anna Marie,0.0
Anna Morna,5.0
Anna Mornas,1.0
Anna Nikova,0.0
Anna Nova,0.0
Anna Pierceson,0.0
Anna Polina,39.0
Anna Rey,1.0
Anna Rose,12.0
Anna Sucks,0.0
Anna Taylor,3.0
Anna Thorne,0.0
Annabel Redd,12.0
Annabelle Brady,0.0
Annabelle Flowers,0.0
Annabelle Lee,3.0
Anne Amari,0.0
Anne Angel,1.0
Anne Howe,0.0
Anne Marie,0.0
Annette Haven,0.0
Annette Schwarz,1.0
Anni Angel,1.0
Annie Body,0.0
Annie Cruz,2.0
Annie Lee,0.0
Annie Sex Teen,0.0
Annie Sprinkle,0.0
Annika Adams,0.0
Annika Albrite,9.0
Annika Eve,3.0
Annina Ucatis,0.0
Anny Aurora,47.0
Anorei Collins,0.0
Anri Okita,0.0
Anri Suzuki,0.0
Anthony Gaultier,1.0
Anthony Rosano,1.0
Antonella La Sirena,3.0
Antonia Deona,1.0
Antonia Sainz,10.0
Antonia Saniz,0.0
Antonio Mallorca,2.0
Antonio Ross,1.0
Antynia Rouge,0.0
Anya Ivy,8.0
Anya Key,0.0
Anya Krey,46.0
Anya Olsen,51.0
Anya Peacock,0.0
Aphrodite Night,0.0
Apolonia Lapiedra,48.0
April Aniston,6.0
April Blue,0.0
April Brookes,6.0
April Dawn,1.0
April Flores,0.0
April Flowers,0.0
April Mckenzie,0.0
April O'Neil,9.0
April O'neil,1.0
April Oneal,0.0
April Oneil,2.0
April Snow,12.0
Arabelle Raphael,2.0
Arcadia Davida,0.0
Aria Alexander,12.0
Aria Aspen,3.0
Aria Banks,13.0
Aria Carson,4.0
Aria Giovanni,1.0
Aria Haze,4.0
Aria Kai,5.0
Aria Lee,22.0
Aria Logan,1.0
Aria Rossi,2.0
Aria Sky,6.0
Aria Skye,5.0
Ariana Aimes,0.0
Ariana Fox,1.0
Ariana Grand,3.0
Ariana Jollee,0.0
Ariana Marie,72.0
Arianna Labarbara,0.0
Arianna Sinn,0.0
Ariel,100.0
Ariel Alexus,0.0
Ariel Blue,8.0
Ariel Carmine,0.0
Ariel Grace,4.0
Ariel Lee,0.0
Ariel Lilit A,1.0
Ariel Mermaid,0.0
Ariel Rebel,1.0
Ariel Rose,6.0
Ariel Skye,4.0
Ariel Summers,0.0
Ariel Temple,0.0
Ariel Ua,0.0
Ariel Winters,3.0
Ariel(A),1.0
Ariel(a),3.0
Ariella Ferrara,3.0
Ariella Ferrera,35.0
Arielle Faye,12.0
Arietta Adams,40.0
Arisa Aoyama,0.0
Arrest Me,0.0
Artemisia Love,1.0
Arteya Dee,3.0
Arteya Emily Sugar Alya Stark Jessica Portman,2.0
Aruna Aghora,16.0
Arwen Datnoid,3.0
Arwen Gold,14.0
Arya Fae,17.0
Aryana Adin,0.0
Aryana Augustine,2.0
Aryana Starr,0.0
Asa Akira,73.0
Asahi Miura,0.0
Ash Hollywood,12.0
Asha Marie,5.0
Ashely Ocean,5.0
Ashlee Graham,10.0
Ashlee Mae,4.0
Ashley Abott,0.0
Ashley Adams,67.0
Ashley Alban,45.0
Ashley Aleigh,4.0
Ashley Barbie,1.0
Ashley Blue,0.0
Ashley Bulgari,0.0
Ashley Chambers,0.0
Ashley Coda,0.0
Ashley Edmonds,0.0
Ashley Fires,40.0
Ashley Gracie,0.0
Ashley Graham,3.0
Ashley Jane,0.0
Ashley Jensen,0.0
Ashley Jordan,0.0
Ashley Lane,26.0
Ashley Long,0.0
Ashley Marie,0.0
Ashley Moore,0.0
Ashley Ocean,2.0
Ashley Red,12.0
Ashley Renee,0.0
Ashley Rider,2.0
Ashley Robbins,0.0
Ashley Roberts,0.0
Ashley Shye,0.0
Ashley Sinclair,5.0
Ashley Stone,4.0
Ashley Storm,1.0
Ashley Winters,1.0
Ashley Woods,3.0
Ashleyn Molloy,0.0
Ashli Ames,1.0
Ashli Orion,12.0
Ashly Anderson,16.0
Ashlyn Anderson,0.0
Ashlyn Gere,0.0
Ashlyn Molloy,1.0
Ashlyn Rae,4.0
Ashlynn Brooke,0.0
Ashlynn Leigh,3.0
Ashlynn Molloy,1.0
Ashlynn Taylor,3.0
Ashton Blake,1.0
Ashton Moore,0.0
Asia Carrera,0.0
Asia Zo,4.0
Asina Fox,0.0
Aslpen Reign,0.0
Aspen Ora,9.0
Aspen Reign,4.0
Aspen Richardsen,0.0
Aspen Richardson,1.0
Aspen Romanoff,0.0
Aspen Rose,2.0
Aspen Stevens,0.0
Asphyxia Noir,2.0
Assh Lee,6.0
Astrid Star,3.0
Asuka Ayanami,1.0
Asuka Kyono,0.0
Asuna Fox,0.0
Asya Kitty,0.0
Athena Ducati,0.0
Athena Faris,41.0
Athena May,7.0
Athena Palomino,2.0
Athena Pleasures,0.0
Athena Rayne,18.0
Athina Love,0.0
Aubree Valentine,13.0
Aubrey Addams,6.0
Aubrey Black,8.0
Aubrey Gold,10.0
Aubrey Kate,0.0
Aubrey Lee,0.0
Aubrey Luna,2.0
Aubrey Mae,1.0
Aubrey Rose,0.0
Aubrey Sinclair,15.0
Aubrey Sky,0.0
Aubrey Thomas,2.0
Audrey Bitoni,15.0
Audrey Black,0.0
Audrey Charlize,1.0
Audrey Elson,0.0
Audrey Grace,1.0
Audrey Hemmingway,1.0
Audrey Hempburne,8.0
Audrey Hollander,1.0
Audrey Irons,2.0
Audrey Lords,0.0
Audrey Miles,5.0
Audrey Noir,9.0
Audrey Rose,1.0
Audrey Royal,15.0
Audrey Show,2.0
Audrey Snow,0.0
Audrianna Angel,2.0
August Ames,77.0
August Taylor,12.0
Auntumn Falls,1.0
Aurelly Rebel,9.0
Aurelly Reebel,0.0
Aurora Belle,2.0
Aurora Jolie,1.0
Aurora Monroe,3.0
Aurora Snow,2.0
Aurora Winters,3.0
Austin Kincaid,0.0
Austin Reines,1.0
Austin Taylor,12.0
Austyn Moore,0.0
Autumn Bliss,0.0
Autumn Briggs,0.0
Autumn Falls,70.0
Autumn Haze,0.0
Autumn Jade,0.0
Autumn Sky,0.0
Autumn Winters,0.0
Ava Adams,1.0
Ava Addams,77.0
Ava Austen,2.0
Ava Dalush,10.0
Ava Delane,1.0
Ava Devine,2.0
Ava Eden,6.0
Ava Haze,1.0
Ava Jay,1.0
Ava Knoxx,1.0
Ava Koxxx,7.0
Ava Lauren,0.0
Ava Little,0.0
Ava Love,1.0
Ava Mendes,4.0
Ava Parker,4.0
Ava Ramon,0.0
Ava Rose,1.0
Ava Sparxxx,5.0
Ava Taylor,24.0
Ava Vincent,0.0
Avalon Heart,2.0
Avena Lee,0.0
Averie Moore,1.0
Avery Adair,1.0
Avery Black,25.0
Avery Cristy,2.0
Avery Moon,8.0
Avery Stone,2.0
Avi Love,29.0
Avril Hall,3.0
Avril Sun,2.0
Avy Lee Roth,0.0
Avy Scott,10.0
Axel Aces,1.0
Aya Hirai,0.0
Aya Sakuraba,0.0
Ayana Angel,0.0
Ayane Suzukawa,0.0
Ayano Murasaki,0.0
Ayden Blue,1.0
Ayn Marie,1.0
Ayumi Anime,6.0
Azalea Star,0.0
Azlea Antistia,0.0
Azul Hermosa,4.0
Azumi Harusaki,0.0
Azumi Mizushima,0.0
Azura Alii,0.0
Azura Allii,0.0
Azusa Itagaki,0.0
Azusa Nagasawa,1.0
Babette Blue,0.0
Baby Cakes,0.0
Baby Nicols,28.0
Bailey Bam,1.0
Bailey Base,4.0
Bailey Blue,6.0
Bailey Brooke,42.0
Bailey Brooks,2.0
Bailey Jay,0.0
Bailey Ryder,1.0
Bambi Belle,1.0
Bambi Black,7.0
Bambi Brooks,6.0
Bambino,11.0
Bamboo,1.0
Barbara Bieber,14.0
Barbara Dare,0.0
Barbara Summer,0.0
Barbi Sinclair,2.0
Barbie Banks,1.0
Barbie Banxxx,0.0
Barbie Cummings,4.0
Barbie Pink,0.0
Barbie Sins,4.0
Barra Brass,5.0
Bbc,8.0
Bea Flora,0.0
Bea Stiel,0.0
Beata Undine,1.0
Beatrice Valle,0.0
Beaue Marie,1.0
Beauty Dior,0.0
Becca Blossoms,0.0
Becca Diamond,0.0
Beckie Lynn,1.0
Becky Bandini,14.0
Becky Lynn,0.0
Belen Rodriguez,0.0
Belinha Baracho,0.0
Bell Knock,18.0
Bella Anne,0.0
Bella Bellz,9.0
Bella Bends,0.0
Bella Beyle,0.0
Bella Blaze,1.0
Bella Blue,0.0
Bella Brookz,0.0
Bella Cole,0.0
Bella Donna,1.0
Bella Jane,11.0
Bella Ling,0.0
Bella Luciano,1.0
Bella Marie Wolf,0.0
Bella Moretti,0.0
Bella Mur,7.0
Bella Nikole,1.0
Bella Nikole Black,1.0
Bella Reese,5.0
Bella Rolland,33.0
Bella Rose,27.0
Bella Rossi,7.0
Bella Scaris,1.0
Bella Star,0.0
Bella-Nikole Black,1.0
Bellabrookz,5.0
Belle Bond,0.0
Belle Claire,27.0
Belle Gibson,1.0
Belle Knox,9.0
Belle Noire,4.0
Ben Dover,0.0
Beretta James,0.0
Bernice Berinice,0.0
Beth Chance,0.0
Bethanie Skye,1.0
Bethany Benz,4.0
Bethany Sweet,0.0
Beti Hana,0.0
Betsey Kite,0.0
Bettie Bondage,0.0
Bettina Dicapri,0.0
Betty Blac,0.0
Betty Foxxx,2.0
Betty Saint,0.0
Beverly Hills,3.0
Beverly Lynne,0.0
Beverly Paige,0.0
Bianca Arden,1.0
Bianca Breeze,4.0
Bianca Burke,6.0
Bianca Dagger,0.0
Bianca Ferrero,1.0
Bianca Golden,0.0
Bianca Lopes,0.0
Bianca Pureheart,0.0
Bianka Lovely,0.0
Bibi Black,0.0
Bibi Fox,2.0
Bibi Jones,1.0
Bibi Noel,6.0
Big Sophie,1.0
Bill Bailey,6.0
Billie Star,24.0
Billy Glide,0.0
Black Angel,25.0
Black Angelika,8.0
Black Cat,1.0
Black Diamond,0.0
Black Panther,0.0
Black Sonja,0.0
Blair Summers,2.0
Blair Underwood,1.0
Blair Williams,34.0
Blaire Banks,0.0
Blaire Ivory,2.0
Blake Bartelli,0.0
Blake Blossom,30.0
Blake Eden,14.0
Blake Mitchell,0.0
Blake Morgan,1.0
Blake Rose,1.0
Blake Valentine,0.0
Blanche Bradburry,23.0
Blanche Summer,1.0
Blaten Lee,5.0
Bliss Dulce,2.0
Blond Angel,0.0
Blondie Fesser,38.0
Bloom Lambie,1.0
Blu Diamond,0.0
Blue Angel,22.0
Bo,0.0
Bo Sinn,1.0
Bobbi Brixton,0.0
Bobbi Dylan,14.0
Bobbi Eden,1.0
Bobbi Starr,11.0
Bonnie Kinz,1.0
Bonnie Rotten,15.0
Bonny Bon,0.0
Boroka Bolls,0.0
Boroka Borres,0.0
Boz,2.0
Brad Knight,18.0
Branda Fox,0.0
Brandi Bae,9.0
Brandi Belle,13.0
Brandi Coxx,1.0
Brandi Edwards,0.0
Brandi Love,59.0
Brandi Lyons,0.0
Brandy Alexandre,0.0
Brandy Aniston,11.0
Brandy Smile,0.0
Brandy Taylor,0.0
Brannon Rhodes,2.0
Brea Bennett,1.0
Brea Lynn,0.0
Breanna Sparks,1.0
Breanne Benson,4.0
Bree Barrett,0.0
Bree Daniels,12.0
Bree Haze,2.0
Bree Olson,5.0
Brenda James,0.0
Brenna Sparks,11.0
Brett Rossi,37.0
Briana Banderas,3.0
Briana Banks,12.0
Briana Blair,3.0
Briana Lee,0.0
Brianna Beach,0.0
Brianna Brooks,3.0
Brianna Jordan,0.0
Brianna Love,4.0
Brianna Ray,2.0
Brianna Rose,1.0
Brick Danger,65.0
Bridget Bond,2.0
Bridgett Lee,0.0
Bridgette B,80.0
Bridgette Kerkove,0.0
Bridgette Monet,0.0
Briella Bounce,4.0
Brigitte Lahaie,0.0
Brill Xandra,1.0
Britney Amber,87.0
Britney Angel,0.0
Britney Blue,0.0
Britney Brighton,0.0
Britney Brooks,1.0
Britney Foster,0.0
Britney Light,13.0
Britney Madison,0.0
Britney Stevens,1.0
Britney Swallows,0.0
Britney Young,5.0
Britt James,3.0
Brittania Lane,0.0
Brittany Andrews,9.0
Brittany Angel,3.0
Brittany Banxxx,1.0
Brittany Bardot,5.0
Brittany Benz,4.0
Brittany Blaze,1.0
Brittany Blue,0.0
Brittany Sexton,2.0
Brittany Shae,15.0
Brittany Stone,0.0
Brittney Angel,0.0
Brittney Skye,0.0
Brittney White,0.0
Brook Little,0.0
Brook Ultra,1.0
Brooke Adams,0.0
Brooke Ashley,0.0
Brooke Bailey,0.0
Brooke Banner,5.0
Brooke Bell,5.0
Brooke Belle,5.0
Brooke Bennett,0.0
Brooke Beretta,8.0
Brooke Brand,5.0
Brooke Dillinger,6.0
Brooke Haven,3.0
Brooke Haze,9.0
Brooke Hunter,0.0
Brooke Jameson,1.0
Brooke Karter,1.0
Brooke Lee,1.0
Brooke Lynn,2.0
Brooke Scott,1.0
Brooke Sinclaire,1.0
Brooke Skye,0.0
Brooke Summers,3.0
Brooke Tyler,0.0
Brooke Van Buuren,1.0
Brooke Wylde,37.0
Brookelynne Briar,6.0
Brooklyn Bailey,0.0
Brooklyn Blue,3.0
Brooklyn Chase,61.0
Brooklyn Gray,26.0
Brooklyn Jade,2.0
Brooklyn Lee,8.0
Brooklyn Rivers,26.0
Brooklyn Rose,2.0
Brother Love,1.0
Brown Sugar,1.0
Bruce Venture,13.0
Bruna Ferraz,0.0
Bruno Dickemz,28.0
Bruno Dickenz,1.0
Bryn Blayne,0.0
Brynn Tyler,3.0
Bryoni Kate,0.0
Buddy Hollywood,1.0
Buffy Davis,0.0
Bunko Kanazawa,0.0
Bunny Bleu,0.0
Bunny Colby,29.0
Bunny De La Cruz,1.0
Bunny Freedom,2.0
Bunny Luv,0.0
Bunny colby,1.0
Buruma Aoi,3.0
Busty Belle,0.0
Busty Bliss,0.0
Busty Christy,0.0
Busty Clary,1.0
Busty Dusty,0.0
Busty Ellen,0.0
Busty Merilyn,0.0
Byron Long,0.0
Cadence Lux,31.0
Cadey Mercury,11.0
Cailey Taylor,0.0
Cala Craves,0.0
Cali Carter,44.0
Cali Couture,0.0
Cali Lee,2.0
Cali Marie,0.0
Cali Sparks,3.0
Calli Cox,0.0
Callie Calypso,6.0
Callie Cobra,2.0
Callie Cyprus,5.0
Cameron Canada,5.0
Cameron Canela,71.0
Cameron Cruise,0.0
Cameron Dee,7.0
Cameron Gold,0.0
Cameron Keys,0.0
Cameron Love,0.0
Cami Smalls,0.0
Camila,3.0
Camilla Krabbe,0.0
Camilla Moon,2.0
Camille Morgan,0.0
Cammie Fox,0.0
Cammille Austin,2.0
Camryn Cross,0.0
Camryn Kiss,1.0
Candace Von,0.0
Candee Licious,4.0
Candi Apple,1.0
Candi Cox,5.0
Candi Coxx,5.0
Candice Brielle,1.0
Candice Dare,39.0
Candice Demellza,1.0
Candice Ferguson,1.0
Candice Luca,5.0
Candice Mia,0.0
Candice Nicole,0.0
Candida Royalle,0.0
Candle Boxxx,0.0
Candy Alexa,15.0
Candy Apples,0.0
Candy Cat,2.0
Candy Cotton,0.0
Candy Kiss,1.0
Candy Love,92.0
Candy Manson,1.0
Candy Martinez,1.0
Candy Monroe,0.0
Candy Red,16.0
Candy Samples,0.0
Candy Sexton,1.0
Candy Strong,0.0
Candy Sweet,1.0
Candy Vegas,0.0
Canela Skin,39.0
Caomei Bala,1.0
Capri Anderson,6.0
Capri Cavalli,5.0
Capri Cavanni,34.0
Caprice,1.0
Cara Cum,0.0
Cara Lott,0.0
Cara May,2.0
Cara Mell,1.0
Carey Riley,0.0
Carla Cox,6.0
Carla Cruz,0.0
Carli Banks,0.0
Carly Parker,2.0
Carly Rae,9.0
Carly Rae Summers,1.0
Carmel Moore,0.0
Carmela Clutch,7.0
Carmela Mulatto,0.0
Carmella Bing,0.0
Carmella Diamond,0.0
Carmen Blue,0.0
Carmen Caliente,30.0
Carmen Callaway,4.0
Carmen Cocks,1.0
Carmen Croft,1.0
Carmen Electra,1.0
Carmen Fox,1.0
Carmen Gemini,0.0
Carmen Hayes,1.0
Carmen Kinsley,0.0
Carmen Luvana,0.0
Carmen Mccarthy,1.0
Carmen Michaels,0.0
Carmen Rae,9.0
Carmen Rose,0.0
Carmen Valentina,17.0
Carol Brown,0.0
Carol Cox,0.0
Carol Cummings,0.0
Carol Gold,0.0
Carol Goldnerova,0.0
Carol Miller,2.0
Carol Vega,4.0
Carolina Abril,17.0
Carolina Sweets,42.0
Caroline Cage,0.0
Caroline Cross,0.0
Caroline De Jaie,0.0
Caroline Pierce,1.0
Carolyn Monroe,0.0
Carolyn Reese,2.0
Carrie Ann,0.0
Carrie Brooks,11.0
Carrie Moon,0.0
Carry Cherry,3.0
Carry Light,12.0
Carter Cruise,54.0
Casca Akashova,15.0
Casey Ballerini,2.0
Casey Calvert,80.0
Casey Chase,0.0
Casey Cumz,7.0
Casey James,0.0
Casey Northman,1.0
Casi James,0.0
Cassandra Cain,4.0
Cassandra Calogera,0.0
Cassandra Cruz,5.0
Cassandra Nix,1.0
Cassidey Rae,0.0
Cassidy Banks,17.0
Cassidy Blue,0.0
Cassidy Clay,0.0
Cassidy Kay,0.0
Cassidy Klein,32.0
Cassidy Morgan,0.0
Cassie Courtland,1.0
Cassie Cruz,1.0
Cassie Del Isla,20.0
Cassie Fire,19.0
Cassie Laine,7.0
Cassie Young,0.0
Catalina Rose,0.0
Cate Harrington,0.0
Catherine De Sade,0.0
Cathy Barry,0.0
Cathy Heaven,14.0
Catie Parker,1.0
Caty Cole,0.0
Cayden Moore,0.0
Cayenne,1.0
Cayenne Klein,7.0
Cayla Lyons,12.0
Caylian Curtis,0.0
Ceasy,1.0
Cece Capella,15.0
Cece Stone,0.0
Cecilia Lion,5.0
Cecilia Scott,8.0
Cecilia Vega,2.0
Celeste Star,23.0
Celestia Star,0.0
Celestia Vega,1.0
Celina Cross,1.0
Celine Noiret,1.0
Chad Alva,4.0
Chad Rockwell,3.0
Chad White,19.0
Chanel Chavez,1.0
Chanel Grey,17.0
Chanel Preston,76.0
Chanel Rae,0.0
Chanel Santini,0.0
Chanel Shortcake,5.0
Chanel White,1.0
Chanell Heart,6.0
Chantal Ferrera,0.0
Chantelle Fox,0.0
Chaos,1.0
Charisma Cappelli,0.0
Charity Bangs,8.0
Charity Crawford,30.0
Charity Lane,0.0
Charlee Chase,4.0
Charles Dera,35.0
Charley Chase,29.0
Charlie Angel,0.0
Charlie Ann,0.0
Charlie Chase,0.0
Charlie Cooper,0.0
Charlie Dean,5.0
Charlie James,2.0
Charlie Laine,2.0
Charlie Mac,24.0
Charlie Red,26.0
Charlotte Cross,9.0
Charlotte De Castille,0.0
Charlotte Sartre,16.0
Charlotte Sins,30.0
Charlotte Springer,0.0
Charlotte Stokely,15.0
Charlotte Vale,0.0
Charlyse Bella,0.0
Charmaine Sinclair,0.0
Charmane Star,1.0
Chase Ryder,0.0
Chasey Lain,0.0
Chasi Chambers,1.0
Chastity Lynn,52.0
Chastity Lynne,0.0
Chavon Taylor,0.0
Chayse Evans,3.0
Chelsea Charms,0.0
Chelsea Zinn,0.0
Chelsie Rae,3.0
Chelsy Sun,1.0
Chennin Blanc,0.0
Cheri Taylor,0.0
Cherie Deville,53.0
Cherokee D Ass,0.0
Cherrie Rose,0.0
Cherry Blossom,1.0
Cherry Crush,41.0
Cherry Ferretti,0.0
Cherry Grace,123.0
Cherry Jul,25.0
Cherry Kiss,56.0
Cherry Lane,0.0
Cherry Pink,0.0
Cherry Poppens,0.0
Cherry Rain,0.0
Cherry Torn,1.0
Chessie Kay,5.0
Chessie Moore,0.0
Cheyenne Hunter,0.0
Cheyenne Jewel,4.0
Cheyenne Silver,0.0
Cheyne Collins,0.0
Chi Chi,0.0
Chihiro Akino,0.0
Chiki Dulce,1.0
China Doll,0.0
Chinatsu Izawa,0.0
Chinatsu Nakano,0.0
Chiquita Lopez,0.0
Chloe Amour,55.0
Chloe Amours,2.0
Chloe Blue,1.0
Chloe Brooke,2.0
Chloe Camilla,0.0
Chloe Carter,6.0
Chloe Chanel,0.0
Chloe Chaos,4.0
Chloe Cherry,34.0
Chloe Conrad,3.0
Chloe Couture,15.0
Chloe Dash,1.0
Chloe Delaure,1.0
Chloe Dior,0.0
Chloe Foster,17.0
Chloe James,3.0
Chloe Lamour,11.0
Chloe Love,0.0
Chloe Lynn,1.0
Chloe Morgan,1.0
Chloe Nicole,0.0
Chloe Night,0.0
Chloe Reese Carter,0.0
Chloe Scott,17.0
Chloe Starr,0.0
Chloe Taylor,1.0
Chloe Temple,58.0
Chloe Vevrier,0.0
Choky Ice,13.0
Chris Blaccwood,1.0
Chris Diamond,4.0
Chris Strokes,50.0
Chrissy Daniels,0.0
Chrissy Fox,7.0
Chrissy Marie,0.0
Christen Courtney,14.0
Christian Clay,20.0
Christiana Cinn,28.0
Christie Lee,0.0
Christie Stevens,36.0
Christina Aguchi,1.0
Christina Bella,3.0
Christina Carter,2.0
Christina Copafeel,0.0
Christina Jolie,2.0
Christina Lee,0.0
Christina Lucci,0.0
Christina Roberts,0.0
Christina Shine,18.0
Christina Skye,0.0
Christina shine,1.0
Christine Alexis,0.0
Christine Nguyen,0.0
Christine Roberts,0.0
Christine Young,0.0
Christy Canyon,0.0
Christy Charming,1.0
Christy Love,7.0
Christy Mack,30.0
Christy Marks,0.0
Chyanne Jacobs,0.0
Ciera Sage,0.0
Cindi Loo,1.0
Cindy Behr,3.0
Cindy Carson,0.0
Cindy Dee,1.0
Cindy Dollar,6.0
Cindy Gold,0.0
Cindy Hope,8.0
Cindy Jays,0.0
Cindy Jones,2.0
Cindy Loarn,3.0
Cindy Loo,0.0
Cindy Lords,0.0
Cindy Lou,5.0
Cindy Shine,36.0
Cindy Starfall,20.0
Cindy Sun,1.0
Cindy White,0.0
Cinthia Santos,0.0
Cipriana Maxima,0.0
Clair Santos,0.0
Claire Adams,0.0
Claire Black,1.0
Claire Castel,4.0
Claire Dames,0.0
Claire Robbins,1.0
Clanddi Jinkcego,0.0
Clara G.,0.0
Clara Morgane,0.0
Claudia Adams,3.0
Claudia Adkins,0.0
Claudia Bavel,7.0
Claudia Bella,0.0
Claudia Downs,0.0
Claudia Ferrari,0.0
Claudia Jamsson,0.0
Claudia Mac,15.0
Claudia Macc,14.0
Claudia Marie,0.0
Claudia Rossi,2.0
Claudia Valentine,10.0
Clea Gaultier,71.0
Cleo Clementine,3.0
Cleo Vixen,7.0
Cleopatra Rios,0.0
Clips4Sale,1.0
Clips4sale,1.0
Cloee Trinity,1.0
Clover Baltimore,8.0
Cock Ninja,0.0
Coco De Mal,2.0
Coco Pink,0.0
Coco Vandi,2.0
Coco Velvet,4.0
Coco Velvett,4.0
Cocoa Shanelle,0.0
Codey Steele,11.0
Codi Carmichael,2.0
Codi Vore,4.0
Cody Lane,1.0
Cody Sky,1.0
Coffee Brown,0.0
Colleen Brennan,0.0
Collin Simpson,0.0
Connie Carter,15.0
Conny Dachs,2.0
Conor Coxxx,1.0
Constance Devil,0.0
Cony Ferrara,0.0
Cora Carina,0.0
Corina Jayden,0.0
Corinna Blake,9.0
Corrine Blake,1.0
Cory Chase,38.0
Cory Everson,0.0
Cosette Ibarra,0.0
Cosima Dunkin,0.0
Cotton Candy,0.0
Courtney Cummz,19.0
Courtney James,0.0
Courtney Page,0.0
Courtney Shea,1.0
Courtney Simpson,0.0
Courtney Taylor,6.0
Covid Couple,2.0
Crazyass6,1.0
Cris Lira,0.0
Cris Taliana,0.0
Criss Simon,1.0
Crissy Cums,1.0
Crissy Moon,1.0
Crissy Moran,0.0
Crista Moore,5.0
Cristal Caitlin,14.0
Cristal May,0.0
Cristi Ann,4.0
Cristina Agave,0.0
Cristina Ioana Socolan,0.0
Crybabyxxx,0.0
Crystal Blue,0.0
Crystal Breeze,0.0
Crystal Clear,0.0
Crystal Crown,1.0
Crystal Frost,0.0
Crystal Greenvelle,5.0
Crystal Knight,2.0
Crystal Ray,1.0
Crystal Raye,0.0
Crystal Rush,29.0
Crystal Wilder,0.0
Cum,0.0
Curvy Claire,0.0
Cynthia Lopez,0.0
Cynthia Paul,0.0
Cynthia Pendragon,0.0
Cynthia Vellons,3.0
Cyrstal Rae,0.0
Cyrus Blow,2.0
Cyrus King,1.0
Cytherea,4.0
Dahli Sky,1.0
Dahlia Sky,30.0
Daisy Chain,2.0
Daisy Cruz,0.0
Daisy Ducati,5.0
Daisy Dukes,3.0
Daisy Duxxx,0.0
Daisy Layne,3.0
Daisy Lee,12.0
Daisy Marie,7.0
Daisy Monroe,1.0
Daisy Rock,1.0
Daisy Stone,46.0
Daisy Summers,4.0
Daisy Taylor,0.0
Daisy Watts,0.0
Dakoda Brookes,0.0
Dakota Bleu,2.0
Dakota James,8.0
Dakota Sky,57.0
Dakota Skye,57.0
Dallas Diamondz,0.0
Dalny Marga,0.0
Damon Dice,13.0
Dana C Ashley,0.0
Dana Deamond,1.0
Dana Dearmond,21.0
Dana Hayes,0.0
Dana Lightspeed,0.0
Dana Vespoli,13.0
Dana Vixen,0.0
Dana Weyron,0.0
Dana Wolf,7.0
Dane Cross,3.0
Dani Amour,0.0
Dani Daniels,80.0
Dani Dare,1.0
Dani Jensen,23.0
Dani Lynn,2.0
Dani Woodward,0.0
Danica Danali,0.0
Danica Dillan,3.0
Danica Dillon,7.0
Daniela Diamond,0.0
Daniella English,0.0
Daniella Margot,1.0
Daniella Rush,1.0
Daniella Schiffer,0.0
Danielle Derek,2.0
Danielle Ftv,0.0
Danielle Maye,2.0
Danielle Rogers,0.0
Danielle Trixie,1.0
Danika Mori,148.0
Danni Ashe,0.0
Danni Cole,2.0
Danni Rivers,23.0
Danny D,28.0
Danny Mountain,23.0
Danny Wylde,2.0
Daphne Angel,1.0
Daphne Daniels,0.0
Daphne Dare,10.0
Daphne Klyde,18.0
Daphne Rosen,1.0
Darce Lee,3.0
Darcia Lee,28.0
Darcie Belle,5.0
Darcie Dolce,19.0
Darcy Tyler,5.0
Daria Glover,0.0
Daria Glower,1.0
Darien Ross,0.0
Dark Angel,0.0
Darla Crane,4.0
Darlene Amaro,0.0
Darling,4.0
Darrell Deeps,4.0
Darryl Hanah,1.0
Daryn Darby,0.0
Dasani Lezian,0.0
Dasi West,0.0
Dava Foxx,30.0
Davia Ardell,0.0
David Chase,1.0
David Loso,1.0
David Perry,18.0
Davin King,1.0
Davina Davis,2.0
Dawn Avril,1.0
Daya Knight,0.0
Dayna Vendetta,4.0
Daynia,1.0
Dayton Rains,1.0
Dean Van Damme,5.0
Deanna,1.0
Deanna Dare,2.0
Deauxma,1.0
Debbie White,1.0
Debi Diamond,0.0
Deborah Wells,0.0
Dee Baker,0.0
Dee Dee,1.0
Dee Rida,0.0
Dee Siren,0.0
Dee Williams,23.0
Deedee Lynn,0.0
Deena Daniels,0.0
Defrancesca Gallardo,1.0
Deidre Holland,0.0
Deja Daire,0.0
Delfynn Delage,0.0
Delila Darling,1.0
Delilah Black,0.0
Delilah Blue,2.0
Delilah Strong,1.0
Delotta Brown,0.0
Delphine,0.0
Delta White,0.0
Demi Delia,0.0
Demi Lopez,1.0
Demi Scott,0.0
Demi Sutra,15.0
Denice Klarskov,0.0
Denis Reed,1.0
Denisa Heaven,2.0
Denise Davies,0.0
Denise Milani,0.0
Deny Moor,0.0
Derrick Ferrari,2.0
Derrick Pierce,11.0
Desert Rose,0.0
Desi Foxx,0.0
Desirae Spencer,0.0
Desire Moore,0.0
Desiree Cousteau,0.0
Desiree De Luca,0.0
Desiree Devine,0.0
Desiree Diamond,0.0
Desiree Dulce,20.0
Desireteen,1.0
Destiny Dane,1.0
Destiny Deville,0.0
Destiny Dixon,14.0
Destiny Dream,0.0
Destiny Jaymes,0.0
Destiny Lovee,2.0
Destiny Porter,0.0
Destiny Summers,0.0
Devi Emmerson,1.0
Devin Deray,0.0
Devin Devine,0.0
Devinn Lane,0.0
Devon Green,4.0
Devon Lee,5.0
Devon Michaels,2.0
Devon Taylor,0.0
Devyn Cole,1.0
Devyn Heart,2.0
Dhalia Sky,1.0
Dia Zerva,0.0
Diamond Cross,1.0
Diamond Fox,1.0
Diamond Foxx,7.0
Diamond Foxxx,6.0
Diamond Jackson,0.0
Diamond Kitty,65.0
Diamond Mason,0.0
Diamond Pipes,0.0
Diana Dali,6.0
Diana Doll,6.0
Diana Gold,2.0
Diana Grace,7.0
Diana Lins,0.0
Diana Prince,3.0
Diana Stewart,0.0
Dick Chibbles,1.0
Dillan Lauren,0.0
Dillion Carter,13.0
Dillion Harper,108.0
Dillon Day,1.0
Dina Pearl,0.0
Dirty Angie,0.0
Dirtymasseur,0.0
Divinity Love,0.0
Dixie Belle,1.0
Dixie Comet,0.0
Dixie Lynn,22.0
Diya Noir,1.0
Dolce Damone,0.0
Dolce Elektra,0.0
Dolly Buster,0.0
Dolly Darkley,0.0
Dolly Diore,1.0
Dolly Golden,0.0
Dolly Leigh,25.0
Dolly Little,11.0
Dominica Dolce,1.0
Dominica Leoni,0.0
Dominica Phoenix,18.0
Dominika C,1.0
Dominique Saint Claire,0.0
Dominique Simone,0.0
Don Diego,0.0
Donita Dunes,0.0
Donna Ambrose,0.0
Donna Bell,13.0
Donna Doll,0.0
Donna Marie,0.0
Donna Red,0.0
Donnie Rock,7.0
Dora Venter,1.0
Dorian Del Isla,1.0
Dorina Gold,2.0
Dorothy Black,9.0
Draghixa Laurent,0.0
Dragon Lily,0.0
Dredd,57.0
Dru Barrymore,0.0
Dulce Viera,1.0
Dunia Montenegro,0.0
Dyanna Lauren,1.0
Dylan Daniels,2.0
Dylan Harper,1.0
Dylan Riley,1.0
Dylan Ryan,0.0
Dylan Ryder,6.0
Dylann Vox,2.0
Ebony Ayes,0.0
Eddie Jaye,1.0
Eden Adams,1.0
Eden Dd,0.0
Eden Mor,0.0
Eden Sin,15.0
Eden Sinclair,3.0
Eden Young,2.0
Edyn Blair,9.0
Eileen Sue,0.0
Ela Darling,2.0
Elaine Meadors,0.0
Electra Angels,0.0
Elektra Rose,13.0
Elena Cole,1.0
Elena Gilbert,1.0
Elena Heiress,0.0
Elena Koshka,34.0
Elena Nikulina,0.0
Elena Vega,17.0
Elexis Monroe,3.0
Elin Holm,17.0
Elinor Gasset,0.0
Elisa,3.0
Elisa Sanches,1.0
Elisaveta Gulobeva,2.0
Elise Graves,0.0
Eliska Cross,0.0
Eliss Fire,0.0
Eliza Ibarra,105.0
Eliza Jane,9.0
Elizabeth Bentley,2.0
Elizabeth Hawkenson,0.0
Elizabeth Lawrence,0.0
Elizabeth Romanova,2.0
Elizabeth Starr,0.0
Ella Cruz,4.0
Ella Hollywood,0.0
Ella Hughes,28.0
Ella Jolie,0.0
Ella Knox,41.0
Ella Milano,7.0
Ella Nova,17.0
Elle Alexandra,14.0
Elle Brook,1.0
Elle Rose,16.0
Elle Voneva,6.0
Ellen Peterson,1.0
Ellen Saint,0.0
Elli Nude,0.0
Ellie Eilish,6.0
Ellie Eilish ,1.0
Ellie Foxx,0.0
Ellie Idol,68.0
Ellybabyxoxo,3.0
Elnara Cat,0.0
Eloa Lombard,2.0
Elodie Cherie,0.0
Elsa Jean,139.0
Elvira U Clarice,0.0
Emanuelle Diniz,0.0
Emanuelly Raquel,1.0
Ember Snow,31.0
Ember Stone,4.0
Emi Harukaze,0.0
Emilie Davinci,0.0
Emilio Ardana,1.0
Emilly Willis,1.0
Emily Addison,16.0
Emily Austin,2.0
Emily B,1.0
Emily Bloom,0.0
Emily Evermoore,2.0
Emily George,0.0
Emily Grey,8.0
Emily J,1.0
Emily Kae,1.0
Emily Lynne,0.0
Emily Marilyn,0.0
Emily Mena,4.0
Emily Parker,0.0
Emily Right,6.0
Emily Thorne,18.0
Emily Willis,163.0
Emily willis,1.0
Emma Ash,1.0
Emma Brown,12.0
Emma Butt,3.0
Emma Cummings,1.0
Emma Haize,2.0
Emma Heart,3.0
Emma Hix,128.0
Emma Leigh,1.0
Emma Mae,4.0
Emma Redd,0.0
Emma Rose,1.0
Emma Starletto,29.0
Emma Starr,10.0
Emmanuelle London,1.0
Empera,1.0
Emy Reyes,1.0
Emylia Argan,9.0
Envy Mi,0.0
Eric  Manly,1.0
Eric John,3.0
Erica Bee,0.0
Erica Boyer,0.0
Erica Campbell,0.0
Erica Fontes,4.0
Erica Lauren,2.0
Erica Lightspeed,0.0
Erick Lewis,1.0
Erik Everhard,52.0
Erika Bella,0.0
Erika Bellucci,3.0
Erika Devine,1.0
Erika Jordan,1.0
Erika Kirihara,0.0
Erika Kurisu,0.0
Erika Vution,0.0
Erin Moore,0.0
Erin Stone,1.0
Esmi Lee,2.0
Esperanza Del Horno,13.0
Esperanza Diaz,1.0
Esperanza Gomez,3.0
Estella Bathory,0.0
Estonika,1.0
Estrella Flores,0.0
Etero,1.0
Eufrat,12.0
Eva Angelina,12.0
Eva Antonyia,0.0
Eva Berger,7.0
Eva Black,0.0
Eva Elfie,71.0
Eva Ellington,0.0
Eva Falk,0.0
Eva Fenix,0.0
Eva Karera,7.0
Eva Kent,0.0
Eva Long,10.0
Eva Lovia,102.0
Eva Milana,0.0
Eva Notty,23.0
Eva Parcker,0.0
Eva Roberts,0.0
Eva Shanti,0.0
Eva Smolina,0.0
Eva Strauss,0.0
Eva Torres,0.0
Eva Yi,4.0
Evan Stone,3.0
Eve Angel,14.0
Eve Ellwood,2.0
Eve Evans,1.0
Eve Fox,0.0
Eve Laurence,2.0
Eve Lawrence,2.0
Eve Madison,0.0
Eve Mendes,0.0
Evelin Dellai,0.0
Evelin Stone,27.0
Evelina Darling,46.0
Eveline Dellai,26.0
Evelyn Cage,2.0
Evelyn Claire,20.0
Evelyn Lin,1.0
Evelyn Neill,0.0
Evelyne Foxy,2.0
Evi Fox,3.0
Evi Rei,1.0
Evie Dellatossa,2.0
Evilyn Fierce,4.0
Evita Pozzi,1.0
Ewe Sweet,0.0
Ezanni Solei,0.0
Fabiane Thompson,0.0
Fabrice Triple X,2.0
Faith Daniels,2.0
Faith Leon,0.0
Farrah Abraham,2.0
Farrah Dahl,0.0
Faye Rampton,0.0
Faye Reagan,8.0
Faye Runaway,0.0
Fayth Deluca,0.0
Febby Twigs,2.0
Federica Hill,0.0
Federica Tommasi,0.0
Felicia Fox,0.0
Felicity Feline,6.0
Felicity Fey,0.0
Felix Vicious,0.0
Fellucia Blow,66.0
Felony,1.0
Fernandinha Fernandez,0.0
Fernandinna Fernandez,0.0
Ferr Lima,0.0
Fiamurr,47.0
Filthy Rich,5.0
Fiona Cheeks,0.0
Fiona Fuchs,0.0
Flash Brown,6.0
Flick Shagwell,0.0
Florane Russell,29.0
Florina Rose,0.0
Flower Tucci,3.0
Foxy Anya,0.0
Foxy Di,23.0
Foxy Lady,1.0
Foxy Sanie,1.0
Francaise,3.0
Francesca Dicaprio,2.0
Francesca Felucci,1.0
Francesca Le,23.0
Franceska Jaimes,42.0
Francheska,2.0
Franchezca Valentina,0.0
Francine Dee,0.0
Francys Belle,27.0
Frankie Babe,0.0
Franziska Facella,5.0
Freddy Gong,1.0
French Chloe,0.0
Freya Dee,16.0
Freya Stein,48.0
Freya Von Doom,1.0
Frida Sante,35.0
Fujiko Kano,0.0
Gabbie Carter,49.0
Gabby Quinteros,10.0
Gabi Gold,24.0
Gabriel Clark,2.0
Gabriela Lopez,22.0
Gabriella Banks,0.0
Gabriella Ford,6.0
Gabriella Paltrova,14.0
Gabriella Romano,1.0
Gabrielle Gucci,4.0
Gala Brown,1.0
Galina A,0.0
Garbine Muguruza,0.0
Gaya Patal,0.0
Geizer,1.0
Gemini Lovell,0.0
Gemma Massey,1.0
Gen Padova,0.0
Genesis Skye,0.0
Genevieve Sinn,1.0
George Uhl,7.0
Georgia Jones,11.0
Georgia Peach,2.0
Georgie Lyall,13.0
Georgina Lempkin,0.0
Georgina Spelvin,0.0
Gia Derza,65.0
Gia Dimarco,8.0
Gia Jordan,0.0
Gia Love,11.0
Gia Malone,0.0
Gia Milana,13.0
Gia Paige,48.0
Gia Paloma,2.0
Gia Steel,2.0
Gia Vendetti,5.0
Gianna Dior,90.0
Gianna Gem,6.0
Gianna Lynn,0.0
Gianna Michaels,5.0
Gianna Nicole,9.0
Gigi Allens,3.0
Gigi Love,0.0
Gigi Rivera,0.0
Gigi Spice,1.0
Gilda Roberts,1.0
Gina Blonde,1.0
Gina Carrera,0.0
Gina Colany,0.0
Gina Devine,9.0
Gina Gerson,251.0
Gina Jollie,0.0
Gina Killmer,0.0
Gina Lynn,1.0
Gina Ryder,0.0
Gina Valentina,125.0
Gina Wild,0.0
Ginebra Bellucci,53.0
Ginger Banks,2.0
Ginger Blaze,0.0
Ginger Elle,0.0
Ginger Hell,0.0
Ginger Jolie,0.0
Ginger Jones,3.0
Ginger Lea,0.0
Ginger Lee,0.0
Ginger Lynn,0.0
Ginger Nice,0.0
Ginger Sweet,0.0
Gioia Biel,0.0
Giselle Leon,12.0
Giselle Mari,1.0
Giselle Monet,1.0
Giselle Montes,0.0
Giselle Palmer,21.0
Gisha Forza,18.0
Gitta Blond,0.0
Gloria Cruise,0.0
Glory Foxxx,0.0
Goddess Valora,1.0
Godess Angel,1.0
Gogo Fukme,1.0
Goldie Baby,0.0
Goldie Blair,0.0
Goldie Glock,2.0
Goldie Rush,9.0
Grace Noel,1.0
Gracie Glam,25.0
Gracie May Green,2.0
Grae Stoke,3.0
Grandma Libby,0.0
Greta Milos,0.0
Gunnar Stone,1.0
Gwen Diamond,0.0
Gwen Stark,2.0
Gwen Summers,0.0
HK Jo,1.0
Hadley Viscara,8.0
Haileey James,1.0
Hailey Holiday,1.0
Hailey Little,3.0
Hailey Young,1.0
Haley Cummings,4.0
Haley Hollister,1.0
Haley Hunter,0.0
Haley Paige,1.0
Haley Reed,47.0
Haley Scott,3.0
Haley Sweet,4.0
Haley Teen,1.0
Haley Wilde,0.0
Halia Hill,0.0
Halie James,1.0
Halle Hayes,1.0
Halle Von,2.0
Hana Black,0.0
Hana Haruna,0.0
Hanna,6.0
Hanna Hilton,0.0
Hanna Lay,1.0
Hannah Brooks,0.0
Hannah Harper,0.0
Hannah Hays,24.0
Hannah Hunter,0.0
Hannah Shaw,1.0
Hannah Sweet,2.0
Hannah Vivienne,5.0
Hannah West,0.0
Hansel Grettel,29.0
Harley Ann Wolf,0.0
Harley Dean,4.0
Harley Jade,19.0
Harley Kent,1.0
Harley Marie,0.0
Harley Rain,0.0
Harlow Harrison,7.0
Harmoni Kalifornia,2.0
Harmony Bliss,0.0
Harmony Reigns,4.0
Harmony Rose,5.0
Harmony Winters,0.0
Harmony Wonder,18.0
Haruka Aizawa,0.0
Haruka Sanada,0.0
Harumi Asano,0.0
Havana Bleu,6.0
Havana Ginger,0.0
Hayden Field,1.0
Hayden Hennessy,2.0
Hayden Night,0.0
Hayden Winters,5.0
Hayley Jane,0.0
Hayli Sanders,22.0
Hazel Dew,24.0
Hazel Moore,8.0
Heather Brooke,0.0
Heather Carolin,1.0
Heather Gables,0.0
Heather Harmon,0.0
Heather Hart,0.0
Heather Hunter,0.0
Heather Hurley,1.0
Heather Kelly,0.0
Heather Lee,0.0
Heather Silk,1.0
Heather Starlet,4.0
Heather Summers,0.0
Heather Vahn,9.0
Heather Vandeven,9.0
Heather Wayne,0.0
Heather Wild,0.0
Heidi Besk,1.0
Heidi Hollywood,2.0
Heidi Mayne,6.0
Heidi Romanova,4.0
Heidi Van Horny,7.0
Heidi Waters,0.0
Helen Duval,0.0
Helena Moeller,10.0
Helena Price,19.0
Helena Sweet,2.0
Hellen Cielo,1.0
Helly Mae Hellfire,0.0
Henessy,4.0
Henna Ssy,11.0
Hennessie,1.0
Herda Wisky,26.0
Hibiki Ohtsuki,0.0
Hidori Rose,0.0
Hikaru Houzuki,0.0
Hillary Hooterz,0.0
Hillary Scott,2.0
Hime Marie,38.0
Hina Maeda,11.0
Hinata Tachibana,1.0
Hitomi Oki,0.0
Hitomi Tanaka,0.0
Hk Jo,1.0
Hoby Buchanon,177.0
Hollie Mack,8.0
Hollie Stevens,1.0
Holly Body,0.0
Holly Bryn,0.0
Holly Fox,0.0
Holly Gibbons,0.0
Holly Halston,2.0
Holly Heart,13.0
Holly Hendrix,41.0
Holly Hollywood,0.0
Holly Hotwife,2.0
Holly Hudson,1.0
Holly Jayde,0.0
Holly Kiss,1.0
Holly Michaels,25.0
Holly Morgan,1.0
Holly Price,0.0
Holly Sampson,2.0
Holly Taylor,0.0
Holly Wellin,0.0
Holly West,8.0
Honey Blossom,1.0
Honey Dejour,0.0
Honey Demon,28.0
Honey Gold,16.0
Honey Love,0.0
Honey Lovely,0.0
Honey Luau,1.0
Honey Moon,0.0
Honey Ray,0.0
Honey West,0.0
Honey White,0.0
Honey Wilder,0.0
Honey Winter,0.0
Honney Bunny,0.0
Honour May,19.0
Hope Harper,8.0
Hope Howell,6.0
Hot Wife Rio,24.0
Hotcrazymess,0.0
Hotwife Roxy,16.0
Housewife Kelly,0.0
Hunter Bryce,1.0
Hyapatia Lee,0.0
Hydii Mae,1.0
Hydii May,6.0
Ian Scott,0.0
Ice Cold Champagne,0.0
Ice La Fox,1.0
Ike Diezel,11.0
Imani Rose,0.0
Inari Vachs,0.0
India Babe,0.0
India Summer,64.0
Indianna Jaymes,0.0
Indica Flower,5.0
Indica Monroe,3.0
Indigo White,194.0
Ines Cudna,0.0
Inez Steffan,1.0
Inna Innaki,1.0
"Interracial,Bionde",1.0
"Interracial,bionde",1.0
Iona Grace,0.0
Ionella Dantes,0.0
Iori Mizuki,0.0
Irene Rouse,1.0
Irina A July,0.0
Irina Bruni,1.0
Irina Vega,0.0
Iris Rose,10.0
Isabel Dean,1.0
Isabel Ice,0.0
Isabel Moon,1.0
Isabel Stern,10.0
Isabella Chrystin,0.0
Isabella Clark,1.0
Isabella Lui,7.0
Isabella Nice,18.0
Isabella Pacino,0.0
Isabella Pena,2.0
Isabella Rossa,0.0
Isabella Sky,0.0
Isabella Soprano,0.0
Isabella Taylor,6.0
Isabelle Deltore,24.0
Isiah Maxwell,36.0
Isis Love,15.0
Isis Monroe,0.0
Isis Nile,0.0
Isis Taylor,5.0
Isla Summer,9.0
Italia Blue,0.0
Italia Christie,2.0
Iva Zan,2.0
Ivana Fukalot,0.0
Ivana Sugar,10.0
Ivanka,1.0
Ivy Aura,7.0
Ivy Lebelle,40.0
Ivy Rider,1.0
Ivy Rose,10.0
Ivy Secret,1.0
Ivy Snow,0.0
Ivy Winters,2.0
Ivy Wolfe,26.0
Izamar Gutierrez,1.0
Izi Ashley,17.0
Izzy Bell,9.0
Izzy Bella Blu,0.0
Izzy Lush,17.0
J-mac,0.0
Jack Cummings,1.0
Jack Napier,4.0
Jack Vegas,3.0
Jackie Ashe,0.0
Jackie Daniels,0.0
Jackie Lin,0.0
Jackie Moore,0.0
Jackie Ohh,0.0
Jacky Joy,1.0
Jaclyn Case,0.0
Jaclyn Taylor,10.0
Jada Doll,1.0
Jada Fire,0.0
Jada Kai,145.0
Jada Stevens,87.0
Jade Amber,17.0
Jade Baker,18.0
Jade East,0.0
Jade Hsu,1.0
Jade Indica,2.0
Jade Jamison,2.0
Jade Jantzen,49.0
Jade Jordan,0.0
Jade Kush,36.0
Jade Luv,3.0
Jade Marcela,0.0
Jade Marx,0.0
Jade Marxxx,0.0
Jade Nacole,0.0
Jade Nile,32.0
Jade Noir,1.0
Jade Presley,1.0
Jade Savage,0.0
Jade Stevens,1.0
Jade luv,1.0
Jaelyn Fox,5.0
Jaime Applegate,1.0
Jaime Hammer,1.0
Jaimie Vine,1.0
Jake Adams,4.0
Jake Jace,2.0
Jakeline Teen,0.0
James And Luna,0.0
James Bartholet,1.0
James Brossman,1.0
James Deen,76.0
Jamey Janes,1.0
Jamie Brooks,0.0
Jamie Elle,6.0
Jamie Foster,0.0
Jamie Huxley,1.0
Jamie Jackson,18.0
Jamie Lynn,4.0
Jamie Marleigh,3.0
Jamie Rae,3.0
Jamie Summers,0.0
Jamie Valentine,10.0
Jamie Young,5.0
Jan Burton,0.0
Jana Cova,1.0
Jana Jordan,3.0
Jana Mrazkova,1.0
Jana Mrhacova,0.0
Janae Jolie,0.0
Janaya Love,0.0
Jandi Lin,0.0
Jane Brown,8.0
Jane Darling,1.0
Jane F,10.0
Jane Mayhem,3.0
Jane Wilde,68.0
Janessa Brazil,0.0
Janessa Jordan,0.0
Janet Alfano,0.0
Janet Jacme,0.0
Janet Joy,0.0
Janet Mason,16.0
Janet Peron,0.0
Janey Doe,1.0
Janey Robbins,0.0
Janice Griffith,72.0
Janine Lindemulder,0.0
Janna Hicks,5.0
January Seraph,0.0
Jarushka Ross,1.0
Jasmin Jordan,0.0
Jasmine Arabia,0.0
Jasmine Black,2.0
Jasmine Blaze,1.0
Jasmine Byrne,0.0
Jasmine Caro,2.0
Jasmine Delatori,1.0
Jasmine Grey,19.0
Jasmine Jae,51.0
Jasmine James,0.0
Jasmine Jazz,0.0
Jasmine Jolie,0.0
Jasmine Lau,2.0
Jasmine Lynn,0.0
Jasmine Rouge,5.0
Jasmine Summers,2.0
Jasmine Tame,0.0
Jasmine Vega,5.0
Jasmine Webb,0.0
Jason Brown,9.0
Jason Luv,7.0
Jason Michaels,1.0
Jason Moodyxxx,1.0
Jax Slayher,23.0
Jay Bank,7.0
Jay Crew,1.0
Jay Dee,2.0
Jay R,0.0
Jay Romero,7.0
Jay Smooth,14.0
Jay Snake,0.0
Jay Taylor,15.0
Jaycee Starr,7.0
Jayda Diamonde,1.0
Jayda Stevens,0.0
Jayden Cole,19.0
Jayden James,6.0
Jayden Jaymes,28.0
Jayden Lee,8.0
Jaye Summers,26.0
Jayla Foxx,0.0
Jayla Starr,1.0
Jaylene Rio,0.0
Jaylyn Rose,1.0
Jaylynn Sinns,1.0
Jayma Ried,0.0
Jayme Langford,2.0
Jayna Oso,1.0
Jayna Woods,0.0
Jazmine Cashmere,1.0
Jazy Berlin,1.0
Jazz Duro,1.0
Jazzy Thai,1.0
Jc Simpson,0.0
Jean Taylor,0.0
Jean Val Jean,2.0
Jeanie Marie Sullivan,2.0
Jeanie Rivers,0.0
Jeanna Fine,0.0
Jeannie Pepper,0.0
Jelena Jensen,15.0
Jemma Valentine,7.0
Jenaveve Jolie,4.0
Jeni Angel,3.0
Jenifer Jane,10.0
Jenna Ashley,3.0
Jenna Brooks,0.0
Jenna Doll,0.0
Jenna Foxx,14.0
Jenna Haze,4.0
Jenna Ivory,8.0
Jenna J Foxx,1.0
Jenna J Ross,8.0
Jenna Jameson,0.0
Jenna Leigh,0.0
Jenna Lovely,2.0
Jenna Marie,5.0
Jenna Moretti,0.0
Jenna Noelle,2.0
Jenna Presley,5.0
Jenna Red,0.0
Jenna Reid,8.0
Jenna Rose,3.0
Jenna Ross,5.0
Jenna Sativa,22.0
Jenner,0.0
Jenni Gregg,0.0
Jenni Lee,9.0
Jennifer Amilton,4.0
Jennifer Avalon,0.0
Jennifer Dark,8.0
Jennifer Jacobs,1.0
Jennifer Lawrence,0.0
Jennifer Love Vanessa May Lucy Belle,1.0
Jennifer Luv,1.0
Jennifer Max,0.0
Jennifer Mendez,21.0
Jennifer Red,2.0
Jennifer Steele,0.0
Jennifer Stone,0.0
Jennifer White,47.0
Jennla Moore,0.0
Jenny Anderson,1.0
Jenny Baby,1.0
Jenny Blighe,3.0
Jenny Ferri,7.0
Jenny Hendrix,1.0
Jenny Lee,0.0
Jenny Manson,33.0
Jenny Mcclain,0.0
Jenny Noel,0.0
Jenny One,0.0
Jenny Simons,13.0
Jenny Wild,29.0
Jeny Baby,0.0
Jeny Smith,1.0
Jericha Jem,3.0
Jess Ryan,0.0
Jess West,4.0
Jessa Blue,2.0
Jessa Rhodes,67.0
Jesse Jane,8.0
Jesse Jordan,1.0
Jessi Foster,0.0
Jessi Gold,7.0
Jessi Palmer,1.0
Jessi Stone,1.0
Jessi Summers,1.0
Jessica Bangkok,13.0
Jessica Bell,1.0
Jessica Blue,0.0
Jessica Darling,0.0
Jessica Dee,0.0
Jessica Drake,0.0
Jessica Fiorentino,0.0
Jessica Fox,0.0
Jessica Grabbit,0.0
Jessica Jaymes,40.0
Jessica Jensen,0.0
Jessica Jones,2.0
Jessica Kisaki,3.0
Jessica Koks,0.0
Jessica Lincoln,30.0
Jessica Love,0.0
Jessica Lynn,2.0
Jessica Malone,16.0
Jessica Marie,1.0
Jessica May,0.0
Jessica Miller,0.0
Jessica Moore,1.0
Jessica Neight,0.0
Jessica Night,1.0
Jessica Nyx,3.0
Jessica Rex,14.0
Jessica Rizzo,0.0
Jessica Robbin,0.0
Jessica Rox,0.0
Jessica Ryan,12.0
Jessica Sanchez,0.0
Jessica Swan,2.0
Jessica Sweet,0.0
Jessica Valentino,0.0
Jessie Andrews,4.0
Jessie Cox,0.0
Jessie Coxxx,0.0
Jessie J,0.0
Jessie Jazz,0.0
Jessie Lee,9.0
Jessie Parker,1.0
Jessie Rogers,25.0
Jessie Saint,27.0
Jessie Volt,11.0
Jessie Wylde,5.0
Jessika Lux,0.0
Jessy Jones,12.0
Jessyka Swan,0.0
Jesus Reyes,5.0
Jewel De Nyle,0.0
Jewell Marceau,0.0
Jewels Jade,15.0
Jewelz Blu,26.0
Jezabel Vessir,1.0
Jezabelle Bond,0.0
Jezebelle Bond,5.0
Jia Lissa,18.0
Jill Kassidy,63.0
Jill Kelly,1.0
Jillian Brookes,1.0
Jillian Foxxx,0.0
Jillian Janson,67.0
Jimena Lago,6.0
Jimmy Broadway,1.0
Jiz Lee,1.0
Jmac,79.0
Jo Evans,0.0
Joachim Kessef,2.0
Joanna Angel,32.0
Joanna Bliss,0.0
Joanna Storm,0.0
Joanne Sweet,0.0
Jocelyn,1.0
Joclyn Stone,1.0
Jodi James,0.0
Jodi Taylor,20.0
Jodi West,0.0
Jodie Gasson,0.0
Jodie Moore,0.0
Jodie Taylor,1.0
Joey Valentine,0.0
Johane Johanson,0.0
Johane Johansson,1.0
John Holmes,0.0
John Johnson,1.0
John Strong,1.0
Johnni Black,0.0
Johnny Castle,32.0
Johnny Goodluck,2.0
Johnny Rahm,0.0
Johnny Sins,47.0
Johnny The Kid,4.0
Johnnys Ins Tori,1.0
Jojo Kiss,15.0
Jolee Love,40.0
Jolie Fille,2.0
Jon Jon,7.0
Jonni Darkko,1.0
Jordan,24.0
Jordan Ash,10.0
Jordan Blue,0.0
Jordan Denae,0.0
Jordan Kingsley,2.0
Jordan Pryce,0.0
Jordan Star,1.0
Jordan Verwest,0.0
Jordanna James,0.0
Jordi El Nino,10.0
Jordi El Nino Polla,8.0
Joseline Kelly,35.0
Josephine Jackson,23.0
Josephine James,0.0
Josette Most,1.0
Josi Valentine,2.0
Josie Jagger,4.0
Joslyn James,9.0
Joslyn Jane,1.0
Joss Lescaf,10.0
Josy Black,0.0
Jovan Jordan,3.0
Joy Karins,0.0
Joyce Oliveira,0.0
Jr Carrington,0.0
Ju Pantera,0.0
Juan El Caballo Loco,48.0
Juan Largo,3.0
Juan Lucho,9.0
Juana Marie,1.0
Judith Fox,0.0
Judy Jolie,22.0
Judy Smile,0.0
Judy Star,1.0
Juelz Ventura,18.0
Juicy Black,0.0
Juicy Pearl,0.0
Juju Doideira,1.0
Juju doideira,1.0
Jules Jordan,3.0
Juli Ashton,0.0
Julia Ann,51.0
Julia Boin,0.0
Julia Bond,0.0
Julia Channel,0.0
Julia Crown,0.0
Julia De Lucia,32.0
Julia Parker,7.0
Julia Reaves,0.0
Julia Roca,24.0
Julia Taylor,0.0
Juliana Grandi,2.0
Juliana Jolene,0.0
Juliana Kincaid,0.0
Julianna Vega,20.0
Juliarain,13.0
Julie Cash,3.0
Julie Kay,6.0
Julie Knight,0.0
Julie Meadows,0.0
Julie Night,0.0
Julie Robbins,0.0
Julie Silver,1.0
Julie Simone,0.0
Julie Skyhigh,2.0
Juliet Anderson,0.0
Juliette March,3.0
Juliette Shyn,2.0
Julz Gotti,4.0
Jun Kusanagi,0.0
June Liu,23.0
June Summers,0.0
Jureka Del Mar,1.0
Justice,1.0
Justice Jade,0.0
Justin Magnum,2.0
Justine Ashley,0.0
Justine Joli,0.0
Jynx Maze,58.0
Kacey Jordan,9.0
Kacey Kox,0.0
Kacey Parker,0.0
Kacey Villainess,1.0
Kaci Star,4.0
Kaci Starr,3.0
Kacie Castle,11.0
Kacy Lane,18.0
Kada Love,0.0
Kadence Marie,1.0
Kaede Matsushima,0.0
Kagney Karter,0.0
Kagney Linn,49.0
Kagney Linn Karter,52.0
Kagney Lynn Karter,1.0
Kaho Kasumi,0.0
Kai Taylor,4.0
Kailani Kai,4.0
Kaira 18,0.0
Kaisa Nord,28.0
Kait Snow,0.0
Kaitlyn Ashley,0.0
Kaiya Lynn,2.0
Kala Prettyman,0.0
Kalee Hunter,0.0
Kali Rose,77.0
Kali Roses,76.0
Kali West,0.0
Kalina Ryu,19.0
Kallie Jo,1.0
Kami Andrews,0.0
Kandi Cox,0.0
Kandi Kobain,0.0
Kandi Kream,0.0
Kandi Milan,0.0
Kandice Kavelli,0.0
Kandy Kash,0.0
Kandy Kors,2.0
Kaori Maeda,0.0
Kapri Styles,0.0
Kara Carter,0.0
Kara Faux,6.0
Kara Mynor,0.0
Kara Novak,0.0
Kara Nox,0.0
Kara Price,1.0
Karen Fisher,3.0
Karen Kougar,0.0
Karen Lancaume,1.0
Karen Summer,0.0
Kari Sweet,1.0
Kari Sweets,0.0
Karin Schubert,0.0
Karina Clarke,0.0
Karina Currie,1.0
Karina Grand,7.0
Karina Hart,0.0
Karina Kay,0.0
Karina Lynne,1.0
Karina O'reilley,1.0
Karina Play,0.0
Karina Shay,0.0
Karina White,9.0
Karissa Diamond,0.0
Karissa Kane,4.0
Karissa Shannon,1.0
Karla Kush,53.0
Karla Lane,0.0
Karla Rivera,1.0
Karlee Grey,93.0
Karlie Brooks,6.0
Karlie Montana,14.0
Karlie Simon,1.0
Karlie Simone,0.0
Karlo Karrera,1.0
Karly Baker,2.0
Karma Rosenberg,0.0
Karma Rx,41.0
Karmen Bella,8.0
Karmen Karma,38.0
Karol Lilien,7.0
Karry Slot,20.0
Karter Foxx,6.0
Karyn Bayres,1.0
Kasey Grant,1.0
Kasey Warner,10.0
Kassey Krystal,0.0
Kastiel Cherry,1.0
Kat Dior,16.0
Kat Kleevage,0.0
Kat Lee,1.0
Kat Monroe,1.0
Kat Young,0.0
Katalina Mills,5.0
Katana,4.0
Katana Kombat,27.0
Katarina Kat,1.0
Katarina Muti,19.0
Kate Anne,1.0
Kate Bloom,4.0
Kate Crush,0.0
Kate England,32.0
Kate Faucett,0.0
Kate Frost,0.0
Kate G.,1.0
Kate Jones,0.0
Kate Kastle,0.0
Kate Kennedy,10.0
Kate Marley,13.0
Kate Moore,0.0
Kate Rich,69.0
Kate Truu,205.0
Katerina Hartlova,3.0
Katerina Kay,3.0
Kates Playground,0.0
Katherine Lee,0.0
Kathia Nobili,5.0
Kathianobiligirls,1.0
Kathleen Pitts,0.0
Kathy Anderson,9.0
Kathy Jones,0.0
Kathy Sweet,3.0
Katia De Lys,0.0
Katie A Delicia,0.0
Katie Angel,1.0
Katie Banks,6.0
Katie Cummings,3.0
Katie Dee,2.0
Katie Fey,0.0
Katie Gold,0.0
Katie Jordan,1.0
Katie Jordin,3.0
Katie K,34.0
Katie Kaliana,0.0
Katie Kayne,2.0
Katie Kox,8.0
Katie Kush,27.0
Katie Lewis,0.0
Katie Monroe,2.0
Katie Morgan,20.0
Katie Ray,0.0
Katie St Ives,2.0
Katie Summers,3.0
Katie Thomas,0.0
Katja Kassin,3.0
Katja Kean,0.0
Katrin Kozy,0.0
Katrin Tequila,38.0
Katrin Wolf,0.0
Katrina Isis,1.0
Katrina Jade,71.0
Katrina Kraven,0.0
Katrina Moreno,20.0
Katt Garcia,1.0
Kattie Gold,2.0
Kattie Hill,1.0
Katty Blessed,1.0
Katty West,114.0
Katy Borman,0.0
Katy Caro,1.0
Katy Jayne,6.0
Katy Karson,0.0
Katy Kiss,7.0
Katy Parker,0.0
Katy Rose,47.0
Katy Rose - Kevin,1.0
Katy Sweet,0.0
Katya Clover,3.0
Katya Rodriguez,18.0
Kawaii Girl,224.0
Kay Carter,3.0
Kay Jay,0.0
Kay Parker,0.0
Kaycee Brooks,0.0
Kaycee Dean,1.0
Kayden Faye,0.0
Kayden Kross,19.0
Kayla Cam,0.0
Kayla Carrera,3.0
Kayla Green,13.0
Kayla Jane,1.0
Kayla Kayden,17.0
Kayla Kleevage,0.0
Kayla Louise,0.0
Kayla Marie,0.0
Kayla Paige,7.0
Kayla Paris,6.0
Kayla Quinn,1.0
Kayla Synz,1.0
Kayla West,3.0
Kaylani Lei,11.0
Kaylee Evans,0.0
Kaylee Hilton,1.0
Kaylee Kisses,0.0
Kaylee Sanchez,0.0
Kaylynn,1.0
Kayme Kai,3.0
Kaz B,0.0
Kecy Hill,10.0
Keeani Lei,0.0
Keegan Skky,0.0
Kei Megumi,0.0
Keilani Kita,1.0
Keira Croft,34.0
Keira Knight,1.0
Keiran Lee,22.0
Keisha Grey,94.0
Keli Richards,0.0
Kelle Marie,0.0
Kelli Tyler,0.0
Kelly Diamond,5.0
Kelly Divine,8.0
Kelly Hart,0.0
Kelly Kay,0.0
Kelly Klass,4.0
Kelly Kline,0.0
Kelly Lee,1.0
Kelly Leigh,0.0
Kelly Madison,1.0
Kelly Nichols,0.0
Kelly Shibari,0.0
Kelly Skyline,0.0
Kelly Stafford,0.0
Kelly Star,0.0
Kelly Summer,3.0
Kelly Surfer,2.0
Kelly Trump,0.0
Kelly Warner,1.0
Kelly Wells,2.0
Kelly White,2.0
Kelsey Kage,3.0
Kelsey Michaels,2.0
Kelsi Monroe,72.0
Kendal Kross,1.0
Kendall Brooks,3.0
Kendall Karson,17.0
Kendall Kayden,9.0
Kendall Kross,2.0
Kendall Woods,0.0
Kendra Cole,38.0
Kendra James,7.0
Kendra Lust,66.0
Kendra Lynn,4.0
Kendra Secrets,1.0
Kendra Spade,64.0
Kendra Star,0.0
Kendra Sunderland,36.0
Kendra White,1.0
Kenna James,63.0
Kenna Kane,2.0
Kennedy Kressler,1.0
Kennedy Leigh,9.0
Kenzei Kai,0.0
Kenzi Marie,0.0
Kenzi Ryan,2.0
Kenzie Kai,11.0
Kenzie Madison,28.0
Kenzie Reeves,92.0
Kenzie Taylor,54.0
Keri Love,12.0
Keri Lynn,0.0
Keri Sable,0.0
Keri Windsor,0.0
Kerry Cherry,12.0
Kerry Louise,1.0
Kerry Marie,0.0
Kerry Raven,1.0
Kesha Ortega,0.0
Kety Pearl,0.0
Kevin White,2.0
Kevlyn Santos,1.0
Key Nakamura,1.0
Kharlie Stone,8.0
Khloe Kapri,62.0
Khloe Krush,1.0
Khloe Kush,0.0
Kianna Dior,4.0
Kiara Cole,45.0
Kiara Diane,2.0
Kiara Edwards,1.0
Kiara Gold,18.0
Kiara Knight,1.0
Kiara Lord,15.0
Kiara Marie,1.0
Kiara Mia,1.0
Kiara Night,13.0
Kiarra Kai,17.0
Kidd,1.0
Kiera King,10.0
Kiera Rose,3.0
Kiera Winters,10.0
Kika,4.0
Kiki Daire,5.0
Kiki Klement,0.0
Kiki Minaj,0.0
Kiki Vidis,0.0
Kiley Jay,7.0
Kim Capri,0.0
Kim Chambers,0.0
Kim Eternity,0.0
Kim Kardashian,1.0
Kim Kennedy,2.0
Kimber Day,1.0
Kimber Kay,0.0
Kimber Lee,5.0
Kimber Veils,4.0
Kimber Winters,0.0
Kimber Woods,21.0
Kimberly Brix,4.0
Kimberly Franklin,0.0
Kimberly Gates,1.0
Kimberly Kane,2.0
Kimberly Kendall,4.0
Kimberly Kole,0.0
Kimberly Kupps,0.0
Kimberly Nutter,1.0
Kimmy Granger,65.0
Kimmy Kay,0.0
Kimmy Kimm,1.0
Kimmy Lee,1.0
Kimmy Olsen,4.0
Kimmy Thai,0.0
Kimmy.Granger.And.Kristen.Scott,1.0
Kina Kai,2.0
King Nasir,2.0
Kinky Carmen,0.0
Kinsley Anne,2.0
Kinsley Karter,2.0
Kinuski,1.0
Kinzie Kenner,0.0
Kinzy Jo,0.0
Kira Green,1.0
Kira Kener,0.0
Kira Noir,24.0
Kira Queen,33.0
Kira Rodriguez,0.0
Kira Sinn,1.0
Kira Thorn,8.0
Kira Zen,2.0
Kirara Asuka,0.0
Kirara Kurokawa,0.0
Kirra Lynne,1.0
Kirsten Halborg,0.0
Kirsten Lee,5.0
Kirsten Price,3.0
Kissa Sins,26.0
Kissy Kapri,1.0
Kit Lee,1.0
Kit Mercer,13.0
Kita Zen,3.0
Kitana Flores,4.0
Kitana Lure,25.0
Kitten Lexi,2.0
Kitten Natividad,0.0
Kitty Bella,0.0
Kitty Black,0.0
Kitty Caprice,6.0
Kitty Carrera,8.0
Kitty Cat,2.0
Kitty Foxx,0.0
Kitty Jaguar,4.0
Kitty Jane,2.0
Kitty Langdon,0.0
Kitty Lee,0.0
Kitty Marie,0.0
Kitty Purrz,0.0
Kitty Sixx,0.0
Kitty Yung,0.0
Kiwi Ling,0.0
Klara Gold,1.0
Klarisa Leone,2.0
Klaudia Hot,1.0
Klaudia Kelly,0.0
Kleio Valentien,16.0
Kloe Kane,1.0
Kobe Tai,0.0
Kodi Gamble,1.0
Kokomi Sakura,0.0
Kora Cummings,0.0
Kora Kryk,0.0
Korina Kova,1.0
Kortney Kane,19.0
Kota Sky,3.0
Kotomi Asakura,8.0
Kotone Amamiya,2.0
Kourtney Rae,0.0
Kris Slater,1.0
Krissy Lynn,58.0
Krista Lane,0.0
Kristal Summers,0.0
Kristall Rush,12.0
Kristara Barrington,0.0
Kristen Cameron,0.0
Kristen Lee,2.0
Kristen Scott,64.0
Kristi Love,0.0
Kristi Lust,0.0
Kristina Black,0.0
Kristina Cross,0.0
Kristina Milan,0.0
Kristina Rose,26.0
Kristina Shannon,2.0
Kristina Sweet,3.0
Kristine Crystalis,1.0
Kristof Cale,11.0
Kristy Black,11.0
Kristy Snow,1.0
Kristy West,0.0
Krysta Kaos,0.0
Krystal Banks,0.0
Krystal Boyd,9.0
Krystal Carrington,1.0
Krystal De Boor,0.0
Krystal Jordan,0.0
Krystal Main,0.0
Krystal Orchid,0.0
Krystal Steal,0.0
Krystal Swift,4.0
Krystal Webb,1.0
Ksu Colt,0.0
Kt So,0.0
Kurea Hasumi,0.0
Kya Tropic,0.0
Kyanna Lee,0.0
Kyle Balls Wca,0.0
Kyle Mason,13.0
Kyle Stone,0.0
Kylee King,0.0
Kylee Nash,0.0
Kylee Reese,1.0
Kylee Strutt,0.0
Kyleigh Ann,0.0
Kyler Quinn,66.0
Kylie Ireland,1.0
Kylie Kalvetti,1.0
Kylie Kingston,1.0
Kylie Nymphette,6.0
Kylie Page,21.0
Kylie Quinn,12.0
Kylie Reese,1.0
Kylie Rey,0.0
Kylie Rocket,25.0
Kylie Sinner,3.0
Kylie Sky,0.0
Kylie Wilde,0.0
Kylie Worthy,1.0
Kylie Wylde,0.0
Kym Wilde,0.0
Kymberlee Anne,3.0
Kymberly Jane,0.0
Kyoka Ishiguro,0.0
Kyra Banks,0.0
Kyra Black,2.0
Kyra Hot,3.0
Kyra Rose,0.0
La Sirena 69,3.0
La Venere Bianca,0.0
LaSirena,1.0
Lacey Channing,3.0
Lacey Cruz,0.0
Lacey Duvalle,1.0
Lacey Lay,2.0
Lacey Leveah,0.0
Lacey London,1.0
Lacey Starr,0.0
Lacie Heart,0.0
Lacie James,0.0
Lacy Lennon,61.0
Lacy Rose,0.0
Lacy Spice,0.0
Lady Armani,0.0
Lady Bug,33.0
Lady Dee,28.0
"Lady Dee, Lovita Fate, Tiffany Tatum, Missy Luv, Emily Cutie, Alya Stark, Eveline Dellai, Amirah Adara, Stella Flex, Nata Ocean, Alecia Fox",2.0
Lady Fyre,3.0
Lady Lynn,0.0
Lady Mai,0.0
Lady Snow,21.0
Lady Sonia,1.0
Lady Spice,0.0
Lady Victoria,0.0
Laela Pryce,0.0
Lain Oi,0.0
Lake Russell,0.0
Lala Ivey,1.0
Lana Cox,0.0
Lana Croft,0.0
Lana Ess,0.0
Lana Fever,0.0
Lana Rhoades,119.0
Lana Rhodes,10.0
Lana Roberts,1.0
Lana Roy,38.0
Lana Sands,0.0
Lana Seymour,5.0
Lana Sharapova,17.0
Lana Vegas,1.0
Lana Violet,6.0
Lance Hart,7.0
Laney Grey,25.0
Lanna Carter,1.0
Lanny Barbie,1.0
Lara Brookes,1.0
Lara Craft,0.0
Lara Croft,0.0
Lara Cumkitten,8.0
Lara Latex,1.0
Lara Onyx,1.0
Lara Page,0.0
Lara Stevens,0.0
Larissa Dee,4.0
Larissa Gold,0.0
Larkin Love,1.0
Lasirena,7.0
Lataya Roxx,0.0
Laura Angel,0.0
Laura Bentley,9.0
Laura Crystal,0.0
Laura Fox,0.0
Laura Hollyman,0.0
Laura King,1.0
Laura Lee,0.0
Laura Lion,0.0
Laura Love,1.0
Laura Moreno,1.0
Laura Orsolya,2.0
Laura Palmer,0.0
Lauren Crist,3.0
Lauren Kain,0.0
Lauren Lee,0.0
Lauren Phillips,45.0
Lauren Phoenix,0.0
Laurie Smith,0.0
Laurie Vargas,1.0
Lauro Giotto,1.0
Lauryn May,0.0
Lavana Lou,0.0
Lavender Rayne,0.0
Lavish Styles,0.0
Layden Sin,0.0
Layla London,14.0
Layla Love,13.0
Layla Monroe,0.0
Layla Price,16.0
Layla Rivera,0.0
Layla Rose,1.0
Layla Sin,3.0
Laylani Star,0.0
Layna Landry,6.0
Layton Benton,0.0
Laz Fyre,1.0
Lea De Mae,0.0
Lea Hart,3.0
Lea Lexis,14.0
Lea Lexus,3.0
Lea Magic,1.0
Lea Martini,0.0
Leah Gotti,22.0
Leah Jaye,2.0
Leah Jayne,0.0
Leah Lee,20.0
Leah Luv,3.0
Leah Parker,0.0
Leah Wilde,0.0
Leah Winters,17.0
Leanna Decker,4.0
Leanna Heart,0.0
Leanna Sweet,0.0
Leanne Crow,0.0
Leanne Lace,26.0
Leanni Lei,0.0
Leda Bear,0.0
Lee Ann,1.0
Lee Stone,1.0
Leena Rey,2.0
Leenuh Rae,0.0
Leigh Darby,0.0
Leigh Livingston,0.0
Leigh Raven,6.0
Leigh Rose,7.0
Leighlani Red,2.0
Leila Smith,0.0
Leilani Leeane,0.0
Leilani Li,0.0
Leina Sex,0.0
Lela Star,36.0
Lele O,3.0
Lelu Love,2.0
Lena Anderson,13.0
Lena Cova,2.0
Lena Juliette,0.0
Lena Love,6.0
Lena Nicole,2.0
Lena Paul,196.0
Lena Ramon,0.0
Lena Reif,14.0
Lena The Plug,0.0
Lenka Gaborova,0.0
Lenna Lux,9.0
Lennox Luxe,0.0
Leny Evil,1.0
Leo,3.0
Leolulu,138.0
Leony April,5.0
Leony Aprill,0.0
Leslie Sierra,0.0
Letha Weapons,0.0
Letty Black,56.0
Levi Cash,4.0
Lex Steele,23.0
Lexi Aaane,57.0
Lexi Bardot,0.0
Lexi Belle,28.0
Lexi Bloom,3.0
Lexi Brooks,1.0
Lexi Carrington,0.0
Lexi Cruz,0.0
Lexi Davis,1.0
Lexi Diamond,1.0
Lexi Dona,46.0
Lexi Donna,1.0
Lexi Fox,1.0
Lexi Kartel,4.0
Lexi Lamour,0.0
Lexi Layo,5.0
Lexi Leigh,0.0
Lexi Lore,45.0
Lexi Love,5.0
Lexi Lovell,3.0
Lexi Lowe,7.0
Lexi Luna,31.0
Lexi Mathews,0.0
Lexi Rose,1.0
Lexi Stone,1.0
Lexi Summers,0.0
Lexi Swallow,10.0
Lexi Ward,4.0
Lexi Williams,1.0
Lexie Cummings,0.0
Lexington Steele,21.0
Lexxi Tyler,0.0
Lexxis Brown,0.0
Lexxxi Lockhart,3.0
Lexy Little,0.0
Leya Falcon,21.0
Leyla Black,0.0
Lezley Zen,5.0
Li Moon,0.0
Lia,5.0
Lia Lor,4.0
Lia Lynn,1.0
Lichelle Marie,3.0
Lightfairy,8.0
Lika Star,21.0
Lil Bit,0.0
Lil Candy,0.0
Lil D,14.0
Lil Tammy,1.0
Lila Fray,2.0
Lilcanadiangirl,0.0
Lili Fox,14.0
Lili Marlene,0.0
Lilian Tiger,0.0
Lilith Lee,1.0
Lilla Katt,0.0
Lilli Dixon,3.0
Lilli Vanilli,2.0
Lilly Bell,22.0
Lilly Ford,20.0
Lilly Hall,17.0
Lilly James,3.0
Lilly Kingston,0.0
Lilly Lit,5.0
Lilly Lovely,0.0
LiloMai,1.0
Lilu Moon,39.0
Lily Adams,44.0
Lily Cade,4.0
Lily Carter,17.0
Lily Glee,1.0
Lily Hall,0.0
Lily Jordan,26.0
Lily Labeau,16.0
Lily Lamour,0.0
Lily Lane,15.0
Lily Larimar,26.0
Lily Love,24.0
Lily May,0.0
Lily Paige,0.0
Lily Rader,39.0
Lily Thai,0.0
Lina Luxa,27.0
Lina Mercury,11.0
Lina Montana,9.0
Lina Paige,0.0
Linda Babe,0.0
Linda Brown,0.0
Linda Lovelace,0.0
Linda Ray,4.0
Linda Sweet,10.0
Linda Weasley,26.0
Linda Wong,0.0
Lindsay Kay,2.0
Lindsay Meadows,0.0
Lindsey Cruz,6.0
Lindsey Love,57.0
Lindsey Lovehands,0.0
Lindsey Olsen,1.0
Lindsey Vood,17.0
Lindseylove,0.0
Lindy Lane,1.0
Linet Slag,2.0
Linsey Dawn Mckenzie,0.0
Linzee Ryder,10.0
Lioness,1.0
Lisa Ann,96.0
Lisa Daniels,0.0
Lisa Deleeuw,0.0
Lisa Demarco,0.0
Lisa Lee,1.0
Lisa Lipps,0.0
Lisa Marie,0.0
Lisa Rose,0.0
Lisa Sparkle,2.0
Lisa Sparxxx,0.0
Lisey Sweet,9.0
Lita Phoenix,9.0
Little Candy,2.0
Little Caprice,37.0
Little Oral Annie,0.0
Littlebuffbabe,0.0
Liv Aguilera,1.0
Liv Revamped,29.0
Liv Wild,24.0
Liv Wylder,1.0
Liya Silver,40.0
Liz Honey,1.0
Liz Rainbow,17.0
Liz Valery,2.0
Liza B,0.0
Liza Billberry,1.0
Liza Del Sierra,13.0
Liza Harper,0.0
Liza Rowe,20.0
Liza Shay,0.0
Lizi Vogue,9.0
Lizz Tayler,5.0
Lizzie Tucker,3.0
Lizzy London,2.0
Logan Bella,0.0
Logan Long,11.0
Logan Pierce,11.0
Lois Ayers,0.0
Lola Chanel,0.0
Lola Fae,39.0
Lola Foxx,25.0
Lola Hart,1.0
Lola Lane,0.0
Lola Lynn,0.0
Lola Marie,1.0
Lola Myluv,15.0
Lola Taylor,10.0
Lolly Badcock,0.0
Lolly Blond,0.0
Lolly Ink,5.0
Lolly Moon,0.0
London Keyes,31.0
London Reagan,0.0
London Reigns,0.0
London River,31.0
London Rivers,1.0
Loni Evans,0.0
Loni Legend,0.0
Loni Sanders,0.0
Loona Luxx,1.0
Lorelei Lee,0.0
Loren Minardi,11.0
Lorena Aquino,0.0
Lorena Garcia,3.0
Lorena Sanchez,4.0
Lori Alexia,0.0
Lori Anderson,0.0
Lorna Morgan,0.0
Lou Charmelle,5.0
Lou Nesbit,8.0
Louie Smalls,4.0
Louisa Lanewood,0.0
Louise Jensen,1.0
Louise Jenson,0.0
Louise Louellen,0.0
Lovely Irene,0.0
Lovely Vanessa,0.0
Lovenia Lux,23.0
Lovita Fate,56.0
Loz Lorrimar,0.0
Luana Borgia,0.0
Luba Love,0.0
Luca Bella,1.0
Luca Ferrero ,3.0
Lucas Frost,14.0
Lucia Denvile,2.0
Lucia Fernandez,1.0
Lucia Love,9.0
Lucia Nieto,3.0
Lucianna Karel,1.0
Lucie Cline,1.0
Lucie Lee,0.0
Lucie Theodorova,0.0
Lucie Wilde,2.0
Lucky Starr,6.0
Luckyxruby,0.0
Lucy Anne,0.0
Lucy Bell,6.0
Lucy Belle,6.0
Lucy Cat,0.0
Lucy Cattiva,0.0
Lucy Cline,1.0
Lucy Doll,22.0
Lucy Fire,1.0
Lucy Heart,18.0
Lucy Lee,0.0
Lucy Li,10.0
Lucy Love,1.0
Lucy Summers,0.0
Lucy Thai,0.0
Lucy Tyler,1.0
Lucy Zara,0.0
Luisa De Marco,0.0
Luisa Rosso,0.0
Luke Cooper,1.0
Luke Hardy,2.0
Lullu Gun,16.0
Lulu Chu,22.0
Lulu Love,5.0
Lulu Martinez,1.0
Luna Azul,0.0
Luna Corazon,13.0
Luna Kitsuen,1.0
Luna Lane,0.0
Luna Leve,0.0
Luna Lovely,4.0
Luna Melba,1.0
Luna Rival,21.0
Luna Skye,0.0
Luna Star,90.0
Luna X James,0.0
Luscious Lopez,3.0
Luscious Louis,0.0
Lutro,1.0
Lutro Steel,0.0
Lux Kassidy,0.0
Luxury Girl,23.0
Luxury Princess,0.0
Luxurygirl,1.0
Lya Pink,5.0
Lyen Parker,3.0
Lyla Lei,0.0
Lyla Storm,9.0
Lylith Lavey,8.0
Lylith Lavy,1.0
Lynn Lemay,0.0
Lynn Love,11.0
Lynn Stone,0.0
Lynna Nilsson,4.0
Lyra Law,18.0
Lyra Lockhart,3.0
Lyra Louvel,2.0
MINA HIRAKAWA,3.0
MR.MARCUS,1.0
Maci May,6.0
Maci Winslett,10.0
Mackenzee Pierce,4.0
Mackenzie Mace,10.0
Mackenzie Moss,20.0
Macy Breham,0.0
Macy Marx,1.0
Macy Meadows,9.0
Madame Amiee Cambridge,78.0
Maddi Sinn,0.0
Maddie Winters,2.0
Maddy O'Reilly,4.0
Maddy O'reilly,2.0
Maddy Oreilly,9.0
Maddy Rose,12.0
Made In Canarias,1.0
Madeincanarias,120.0
Madeleine Mei,0.0
Madelyn Marie,5.0
Madelyn Monroe,13.0
Madelyn Rose,1.0
Madi Collins,3.0
Madison Chandler,6.0
Madison Hart,1.0
Madison Ivy,53.0
Madison James,1.0
Madison Mason,0.0
Madison Monroe,0.0
Madison Parker,5.0
Madison Rose,4.0
Madison Scott,1.0
Madison Young,0.0
Madlin Moon,0.0
Mae Lynn,0.0
Mae Meyers,2.0
Mae Victoria,0.0
Magdalene St.Michaels,0.0
Maggie Green,6.0
Maggie Mayhem,0.0
Mahina Zaltana,5.0
Mahlia Milian,0.0
Mai Bailey,0.0
Mai Hanano,0.0
Mai Lin,0.0
Mai Ly,0.0
Maia Davis,2.0
Maitland Ward,6.0
Maitresse Madeline,0.0
Makayla Cox,10.0
Maki Hojo,0.0
Maki Tomoda,0.0
Malena La Pugliese,1.0
Malena Morgan,30.0
Malena la Pugliese,1.0
Malina Mars,1.0
Mallory Rae,0.0
Mallory Sierra,1.0
Mam Steel,1.0
Mandingo,120.0
Mandy Bright,0.0
Mandy Dee,1.0
Mandy Flores,5.0
Mandy Haze,1.0
Mandy May,0.0
Mandy More,1.0
Mandy Muse,58.0
Mandy Mystery,0.0
Mandy Saxo,0.0
Mandy Sky,4.0
Mandy Sweet,4.0
Manu Magnum,1.0
Manu Swan,12.0
Manuel Ferrara,67.0
Marc Rose,2.0
Marcelin Abadir,58.0
Marcellinha Moraes,0.0
Marcello Bravo,1.0
Marcelo,1.0
Marcia Hase,1.0
Marco Banderas,10.0
Marcus London,11.0
Margarita C Peachy,8.0
Margo Russo,0.0
Margo Sullivan,0.0
Maria Bellucci,4.0
Maria Ivanova,0.0
Maria Jade,7.0
Maria Mia,1.0
Maria Moore,0.0
Maria Ozawa,1.0
Maria Sanchez,0.0
Maria_Pie,1.0
Mariah Cherry,0.0
Mariah Madysinn,1.0
Mariah Mars,2.0
Mariah Milano,8.0
Marica Chanelle,17.0
Marica Hase,36.0
Marie Luv,2.0
Marie Madison,0.0
Marie Mccray,3.0
Marilyn Chambers,0.0
Marilyn Cole,1.0
Marilyn Crystal,29.0
Marilyn Jess,0.0
Marilyn Mansion,6.0
Marilyn Scott,1.0
Marilyn Sugar,33.0
Marina Angel,3.0
Marina Maya,3.0
Marina Maywood,0.0
Marina Visconti,15.0
Marina Visconti Real,1.0
Marina Woods,1.0
Mark Anthony,0.0
Mark Aurel,6.0
Mark Rockwell,128.0
Mark Wood,12.0
Markus Dupree,9.0
Marley Brinx,48.0
Marley Mason,0.0
Marley Matthews,3.0
Marlie Moore,1.0
Marquetta Jewel,0.0
Marry Lynn,2.0
Marry Morrgan,1.0
Marry Queen,12.0
Marselina Fiore,18.0
Marsha Lord,1.0
Marsha May,14.0
Marta La Croft,9.0
Martin Gun,0.0
Martina Smeraldi,4.0
Maru Karv,1.0
Mary Anne,0.0
Mary Carey,0.0
Mary Jane,10.0
Mary Jane Johnson,2.0
Mary Jane Mayhem,2.0
Mary Jane Mmayhem,1.0
Mary Jean,15.0
Mary Kalisy,13.0
Mary Lyn,4.0
Mary Moody,7.0
Mary Rock,34.0
Mary Solaris,20.0
Maryjane Mayhem,1.0
Marykate Moss,2.0
Maserati Xxx,0.0
Masie Dee,3.0
Mason Moore,21.0
Mason Storm,0.0
Matt Sloan,0.0
Max Casanova,2.0
Max Cortes,3.0
Max Dior,3.0
Max Dyor,0.0
Max Felicitas,0.0
Max Mikita,0.0
Maxi Booty,0.0
Maxim Law,4.0
Maxine X,3.0
May Thai,19.0
Maya Bijou,28.0
Maya Divine,0.0
Maya Gates,2.0
Maya Gold,0.0
Maya Hills,7.0
Maya Kendrick,20.0
Mayara Rodrigues,0.0
Mayara Shelson,0.0
Mazzy Grace,14.0
Mckenzee Miles,2.0
Mckenzie Lee,4.0
Mckenzie Sweet,0.0
Mcklovin,1.0
Mea Melone,17.0
Meana Wolf,55.0
Meet Madden,0.0
Megan Coxxx,2.0
Megan Fenox,1.0
Megan Foxx,5.0
Megan Holly,3.0
Megan Inky,3.0
Megan Jones,0.0
Megan Leigh,0.0
Megan Monroe,1.0
Megan Piper,0.0
Megan Pryce,0.0
Megan Rain,71.0
Megan Reece,0.0
Megan Sage,10.0
Megan Salinas,5.0
Megan Vale,2.0
Megan Winters,2.0
Meggan Powers,0.0
Megumi Haruka,0.0
Megumi Shino,7.0
Meguru Kosaka,0.0
Mei Haruka,0.0
Melanie Crush,0.0
Melanie Hicks,10.0
Melanie Jagger,0.0
Melanie Jane,0.0
Melanie Jayne,1.0
Melanie Memphis,4.0
Melanie Moore,0.0
Melanie Rios,6.0
Melanie Woods,1.0
Melena Maria Rya,0.0
Melina Mason,5.0
Melisha May,1.0
Melissa Ashley,0.0
Melissa Benz,15.0
Melissa Black,1.0
Melissa Grand,15.0
Melissa Hill,0.0
Melissa Jacobs,4.0
Melissa Lauren,1.0
Melissa Lynn,9.0
Melissa Matthews,2.0
Melissa May,12.0
Melissa Mays,1.0
Melissa Mendiny,1.0
Melissa Milano,0.0
Melissa Monet,0.0
Melissa Moore,30.0
Melissa Pitanga,1.0
Melissa Ria,1.0
Mellanie Monroe,3.0
Melody Jordan,9.0
Melody Love,1.0
Melody Marks,19.0
Melody Nakai,0.0
Melody Parker,8.0
Melody Petite,5.0
Melody Star,0.0
Melrose Foxxx,0.0
Memphis Monroe,0.0
Mena Li,1.0
Menage Trois,0.0
Mercedes Ashley,0.0
Mercedes Carrera,20.0
Mercedes Lynn,11.0
Merilyn Sakova,0.0
Mey Madness,1.0
Mi Ha Doan,11.0
Mia Angel,0.0
Mia Bandini,97.0
Mia Bangg,0.0
Mia Blow,2.0
Mia Evans,30.0
Mia Ferrari,13.0
Mia Gold,4.0
Mia Hilton,5.0
Mia Honey,0.0
Mia Khalifa,68.0
Mia Lelani,21.0
Mia Leone,2.0
Mia Li,14.0
Mia Lina,0.0
Mia Linz,7.0
Mia Maestro,0.0
Mia Malkova,154.0
Mia Manarote,2.0
Mia Marin,0.0
Mia Martinez,10.0
Mia Melano,6.0
Mia Moore,6.0
Mia Navarro,7.0
Mia Pearl,1.0
Mia Presley,0.0
Mia Reese,0.0
Mia Rider,2.0
Mia Rose,10.0
Mia Smiles,1.0
Mia Sollis,0.0
Mia Split,2.0
Mia Stone,0.0
Mica Martinez,0.0
Micah Moore,2.0
Michael Chapman,2.0
Michael Cheritto,1.0
Michael Fly,0.0
Michael Masters,2.0
Michael Stefano,4.0
Michael Vegas,13.0
Michaela Isizzu,6.0
Michele James,14.0
Michelle Anderson,1.0
Michelle Anthony,1.0
Michelle Avanti,1.0
Michelle Barrett,0.0
Michelle Brown,0.0
Michelle Can,42.0
Michelle Ferrari,2.0
Michelle James,1.0
Michelle Lay,0.0
Michelle Malone,0.0
Michelle Martinez,12.0
Michelle Maylene,0.0
Michelle Mclaren,0.0
Michelle Moist,5.0
Michelle Monaghan,0.0
Michelle Rica,1.0
Michelle Sweet,0.0
Michelle Thorne,3.0
Michelle Tucker,0.0
Michelle Wild,2.0
Michelles Nylons,0.0
Mick Blue,30.0
Mickey Mod,4.0
Mickey Moor,20.0
Micky Bells,0.0
Micky Lynn,0.0
Miho Ichiki,0.0
Miina Minamoto,0.0
Mika Kani,0.0
Mika Tan,1.0
Mike Adriano,92.0
Mike Angelo,38.0
Mike Mancini,2.0
Mikki Lynn,1.0
Miko Lee,0.0
Miko Sinz,2.0
Miku Airi,0.0
Miku Ohashi,0.0
Mila Azul,14.0
Mila Evans,1.0
Mila Jade,8.0
Mila Marx,2.0
Mila Milan,2.0
Milana Ricci,2.0
Milena Devi,4.0
Milena Santos,0.0
Miley Ann,1.0
Miley Cole,3.0
Miley May,10.0
Miley Weasel,1.0
Milf,0.0
Mili Jay,0.0
Milka Manson,0.0
Milla Yul,0.0
Millian Blu,0.0
Mily Mendoza,1.0
Mimi Allen,1.0
Mimi Asuka,0.0
Mina,2.0
Mina Hirakawa,1.0
Mina Leigh,0.0
Mina Moon,1.0
Mindi Mink,7.0
Mindy Lynn,0.0
Mindy Main,0.0
Mindy Vega,0.0
Mini Diva,70.0
Minnie Manga,0.0
Mira Cuckold,8.0
Mira Sunset,0.0
Mira Varga,1.0
Miranda Kelly,1.0
Miranda Miller,20.0
Miriama Kunkelova,1.0
Mischa Brooks,13.0
Misha Cross,28.0
Misha Maver,29.0
Miss Banana,10.0
Miss Demeanor,1.0
Miss Goldie,0.0
Miss Impulse,46.0
Miss Lady,0.0
Miss Melrose,0.0
Miss Nimpho,16.0
Miss Platinum,0.0
Miss Raquel,15.0
Miss Susan,53.0
Miss_Architect,10.0
Missax,0.0
Missbella,6.0
Missi Daniels,1.0
Missy Luv,24.0
Missy Mae,0.0
Missy Martinez,15.0
Missy Mathers,0.0
Missy Minks,0.0
Missy Monroe,0.0
Missy Nicole,0.0
Missy Stone,3.0
Missy Vega,1.0
Missy Woods,0.0
Misti Dawn,0.0
Misti Love,0.0
Mistress Kara,1.0
Mistress T,1.0
Misty Anderson,1.0
Misty Mendez,0.0
Misty Mild,3.0
Misty Rain,0.0
Misty Regan,0.0
Misty Stone,8.0
Misty Vonage,0.0
Miya Monroe,1.0
Miyamme Spice,0.0
Miyu Hoshino,0.0
Mj Fresh,1.0
Moana Pozzi,0.0
Mocha Cream,0.0
Moe Johnson,1.0
Moisex,1.0
Moka Mora,18.0
Molly Bennett,4.0
Molly Cavalli,1.0
Molly Jane,8.0
Molly Mae,18.0
Molly Manson,6.0
Molly Maracas,0.0
Molly Quinn,7.0
Molly Rae,2.0
Molly Rome,1.0
Molly Stewart,21.0
Momoka Nishina,0.0
Mona Lee,2.0
Mona Wales,12.0
Mone Divine,0.0
Monica Asis,4.0
Monica Brown,8.0
Monica Mattos,1.0
Monica Mayhem,1.0
Monica Mendez,0.0
Monica Morales,0.0
Monica Rise,1.0
Monica Roccaforte,0.0
Monica Sage,8.0
Monica Santhiago,6.0
Monica Sexxxton,1.0
Monica Sweet,1.0
Monica Sweetheart,1.0
Monika Wild,1.0
Monique Alexander,30.0
Monique Covet,0.0
Monique Fuentes,3.0
Monique Parent,0.0
Monique Woods,3.0
Monroe Sweet,0.0
Monroe Valentine,2.0
Monroe Valentino,0.0
Montana Skye,0.0
Morgan Dayne,0.0
Morgan Layne,0.0
Morgan Lee,26.0
Morgan Moon,2.0
Morgan Rain,24.0
Morgan Ray,0.0
Morgan Reigns,0.0
Morgan Rodriguez,7.0
Morgana Dark,0.0
Moriah Mills,0.0
Morning Star,1.0
Morr Foxx,1.0
Moxxie Maddron,0.0
Mr Marcus,0.0
Mr. Pete,1.0
Mr.Marcus,1.0
Ms Booty,0.0
Ms Cleo,0.0
Ms London,0.0
Ms. Juicy,0.0
Mugur,4.0
Mulani Rivera,1.0
My Lee,0.0
Mya Dark,0.0
Mya Diamond,2.0
Mya Luanna,0.0
Mya Mason,0.0
Mya Mayes,0.0
Mya Mays,2.0
Mya Nichole,0.0
Mylee Cruz,1.0
Mylie Moore,0.0
Myra Lyon,0.0
Mysti May,0.0
Mysweetapple,1.0
Mz Berlin,0.0
Naami Hasegawa,0.0
Nacho Vidal,21.0
Nade Nasty,2.0
Nadi Phuket,0.0
Nadia Ali,10.0
Nadia Capri,1.0
Nadia Hilton,1.0
Nadia Jay,1.0
Nadia Night,0.0
Nadia Noel,0.0
Nadia Noir,0.0
Nadia Nyce,0.0
Nadia Pariss,0.0
Nadia Styles,9.0
Nadia White,13.0
Nadine Jansen,0.0
Nadya Nabakova,4.0
Nala Brooks,11.0
Nala Nova,6.0
Nana Aoyama,0.0
Nancy A,75.0
Nancy Ace,7.0
Nancy Sweet,0.0
Nancy Vee,0.0
Nani Forrester,0.0
Nao Ayukawa,0.0
Nao Tachibana,0.0
Naomi Bennet,9.0
Naomi Blue,8.0
Naomi Cruise,2.0
Naomi Nevena,5.0
Naomi Russell,0.0
Naomi Swann,24.0
Naomi Woods,29.0
Nasta Zya,0.0
Nasty S,10.0
Nat Turnher,4.0
Nata Lee,1.0
Nata Ocean,17.0
Nata Paradise,3.0
Natali Demore,0.0
Natali Ruby,11.0
Natalia A.,1.0
Natalia Andreeva,2.0
Natalia Forrest,9.0
Natalia Illarionova,0.0
Natalia Nix,14.0
Natalia Queen,21.0
Natalia Robles,0.0
Natalia Rogue,0.0
Natalia Rossi,0.0
Natalia Star,80.0
Natalia Starr,80.0
Natalia Zeta,0.0
Natalie Brooks,28.0
Natalie Heart,2.0
Natalie Knight,20.0
Natalie Lust,5.0
Natalie Mars,0.0
Natalie Minx,1.0
Natalie Monroe,4.0
Natalie Nice,0.0
Natalie Norton,1.0
Natalie Nunez,1.0
Natalie Porkman,13.0
Natalie Vegas,0.0
Natalli Di Angelo,1.0
Nataly Gold,9.0
Nataly Von,1.0
Natasha Brill,0.0
Natasha Dulce,0.0
Natasha Malkova,5.0
Natasha Marley,3.0
Natasha Nice,39.0
Natasha Shy,0.0
Natasha Starr,16.0
Natasha Sweet,3.0
Natasha Vega,4.0
Natasha Voya,1.0
Natasha White,13.0
Nathaly Cherie,23.0
Nathaly Heaven,0.0
Nathan Bronson,19.0
Natsu Ando,0.0
Naudia Nyce,0.0
Naughty Allie,2.0
Naughty Alysha,0.0
Nautica Thorn,0.0
Naveen Ora,5.0
Neeo,2.0
Neiro Suzuka,0.0
Nekane,9.0
Nella Jay,1.0
Nelly Kent,57.0
Nelly Kent Xxx,3.0
Nelly Sullivan,0.0
Nelya Jorden,1.0
Nerine Mechanique,0.0
Nessa Devil,3.0
Nessa Shine,3.0
Nestee Shy,0.0
Nesty Nice,1.0
Nevaeh Lace,1.0
Neveah Snow,1.0
Nia Black,1.0
Nia Nacci,5.0
Nia Nixon,0.0
Nica Noelle,0.0
Nichole Heiress,0.0
Nici Sterling,0.0
Nick Leykis,2.0
Nick Manning,2.0
Nick Moreno,1.0
Nick Ross,0.0
Nickey Huntsman,21.0
Nicki Blue,1.0
Nicki Hunter,1.0
Nicky Angel,0.0
Nicky Ferrari,1.0
Nicky Rebel,1.0
Nico Nice,5.0
Nicole Aniston,85.0
Nicole Banks,1.0
Nicole Bexley,1.0
Nicole Black,2.0
Nicole Brazzle,0.0
Nicole Evans,1.0
Nicole Graves,0.0
Nicole Grey,0.0
Nicole London,0.0
Nicole Love,11.0
Nicole Moore,0.0
Nicole Oring,0.0
Nicole Peters,0.0
Nicole Ray,3.0
Nicole Rey,8.0
Nicole Rider,0.0
Nicole Sheridan,0.0
Nicole Smith,0.0
Nicole Sweet,1.0
Nicole Vice,3.0
Nicolette Shea,30.0
Nika N Vesna,0.0
Nika Noir,5.0
Nika Noire,1.0
Niki Blond,0.0
Niki Dark,1.0
Niki Snow,6.0
Niki Sweet,1.0
Nikia Ahe,0.0
Nikita Bellucci,4.0
Nikita Denise,5.0
Nikita Valentin,0.0
Nikita Von James,10.0
Nikki Anderson,0.0
Nikki Anne,0.0
Nikki Benz,31.0
Nikki Brooks,2.0
Nikki Capone,2.0
Nikki Charm,0.0
Nikki Daniels,9.0
Nikki Delano,23.0
Nikki Dial,0.0
Nikki Friend,0.0
Nikki Hearts,3.0
Nikki Hill,20.0
Nikki Hillton,1.0
Nikki Hilton,1.0
Nikki Hot,0.0
Nikki Hunter,1.0
Nikki Jayne,0.0
Nikki Kane,0.0
Nikki Knightly,9.0
Nikki Lavay,6.0
Nikki Loren,0.0
Nikki Montana,0.0
Nikki Next,8.0
Nikki Nice,0.0
Nikki Nievez,1.0
Nikki Nine,0.0
Nikki Nova,0.0
Nikki Peach,3.0
Nikki Phoenix,5.0
Nikki Rhodes,0.0
Nikki Rider,0.0
Nikki Sexx,11.0
Nikki Sims,0.0
Nikki Sinn,0.0
Nikki Sun,0.0
Nikki Sweet,10.0
Nikky Dream,11.0
Nikky Reed,0.0
Nikky Thorne,3.0
Niklee Young,1.0
Nikolas,1.0
Nikole Nash,1.0
Niky Gold,0.0
Nina Dee,2.0
Nina Deponca,0.0
Nina Divine,0.0
Nina Dolci,1.0
Nina Elle,50.0
Nina Ellis,1.0
Nina Ferrari,0.0
Nina Hartley,4.0
Nina James,1.0
Nina Kayy,6.0
Nina Linda,0.0
Nina Mercedez,0.0
Nina Milano,3.0
Nina Nirvana,0.0
Nina North,34.0
Nina Skye,12.0
Nita Star,15.0
Niya Yu,1.0
Noelle Easton,16.0
Noemi Jolie,1.0
Noemie Bilas,1.0
Nomi Melone,1.0
Noname Jane,0.0
Nora Skyy,0.0
Norah Nova,3.0
Norma Stitz,0.0
Nova Cane,7.0
Nyla Thai,0.0
Nyomi Banxxx,0.0
Nyomi Marcella,0.0
Nyomi Zen,0.0
Nyrobi Knights,0.0
Odette Delacroix,2.0
Ole Nina,4.0
Olga Barz,1.0
Olga Cabaeva,0.0
Oliva Del Rio,0.0
Olive Glass,9.0
Oliver Davis,27.0
Oliver Flynn,1.0
Olivia,6.0
Olivia Alize,0.0
Olivia Austin,24.0
Olivia Blu,2.0
Olivia De Treville,0.0
Olivia Devine,0.0
Olivia Grace,16.0
Olivia Kasady,1.0
Olivia La Roche,0.0
Olivia Lua,1.0
Olivia Nice,0.0
Olivia O'Lovely,1.0
Olivia Parrish,0.0
Olivia Saint,1.0
Olivia Sin,4.0
Olivia Wilder,3.0
Olivia Winters,0.0
Olivia Wye,0.0
Ona Zee,0.0
Onlyfans,24.0
Oral Amber,0.0
Ornella Morgan,8.0
Osa Lovely,1.0
Ourdirtylilsecret,6.0
Ourdirtylittlesecret,0.0
Owen Gray,26.0
Oxana Chic,5.0
Oxuanna Envy,1.0
Pablo Ferrari,1.0
Paige Ashley,2.0
Paige Fox,0.0
Paige Owens,72.0
Paige Taylor,0.0
Paige Turnah,9.0
Paige Turner,0.0
Paisley Porter,12.0
Paisley Rae,6.0
Pamela Anderson,0.0
Pamela Blond,0.0
Pamela Butt,0.0
Pamela French,0.0
Pamela Morrison,7.0
Pamela Rios,0.0
Pamela Sanchez,2.0
Pandora Dreams,0.0
Paola Rey,0.0
Paris Diamond,0.0
Paris Gables,1.0
Paris Hilton,0.0
Paris Kennedy,2.0
Paris Lincoln,0.0
Paris Pink,0.0
Paris White,19.0
Parker Page,3.0
Parker Swayze,0.0
Pascal White,2.0
Patricia Diamond,1.0
Patricia Dream,1.0
Patricia Gold,0.0
Patricia Kennedy,0.0
Patricia Kimberly,1.0
Patricia Patritcy,0.0
Patrick Delphia,0.0
Patrizia Berger,0.0
Patty Michova,5.0
Paula Shy,18.0
Paulina,2.0
Paulina James,1.0
Payton Leigh,1.0
Payton Preslee,13.0
Payton Simmons,2.0
Payton West,2.0
Peach,3.0
Peaches Johnson,0.0
Pearl Diamond,0.0
Penelope Black Diamond,0.0
Penelope Cum,2.0
Penelope Piper,0.0
Penelope Reed,6.0
Penelope Stone,1.0
Penelope Tiger,0.0
Penelope Tyler,1.0
Penelope White,2.0
Penelope Y Sophia,0.0
Penney Play,0.0
Penny Barber,7.0
Penny Flame,1.0
Penny Pax,59.0
Penny Porsche,0.0
Pepper Foxxx,0.0
Pepper Hart,9.0
Pepper Kester,0.0
Pepper Xo,1.0
Persia Black,0.0
Persia Decarlo,0.0
Persia Monir,0.0
Persia Pele,1.0
Peta Jensen,42.0
Peter Green,37.0
Peter North,4.0
Petra Blair,7.0
Petra Mis,0.0
Petra Verkaik,0.0
Phoenix Askani,0.0
Phoenix Marie,58.0
Phyllisha Anne,0.0
Pia Sofie,1.0
Pike Nelson,1.0
Pinky,9.0
Pinky June,2.0
Pint Eastwood,1.0
Piper Cox,1.0
Piper Fawn,3.0
Piper June,6.0
Piper Perri,85.0
Pj Sparxx,0.0
Playful Ann,0.0
Pleasure Bunny,0.0
Polina Sweet,17.0
Polly Pons,5.0
Poppy,2.0
Poppy Morgan,0.0
Porche Carrera,0.0
Porchia Watson,0.0
Pornstar,0.0
Porsche Dali,0.0
Porsche Lynn,0.0
Portia Harlow,0.0
Presley Dawson,1.0
Presley Hart,16.0
Presley Maddox,3.0
Pressley Carter,8.0
Pressure,1.0
Preston Parker,8.0
Prince Yahshua,37.0
Princess Clover,0.0
Princess Donna,0.0
Princess Leia,3.0
Priscilla,1.0
Priscilla Milan,0.0
Priscilla Salerno,1.0
Pristine Edge,11.0
Priya Price,6.0
Priya Rai,6.0
Proxy Paige,0.0
Puma Swede,6.0
Pure Angel,0.0
Purple Passion,0.0
Qiana Chase,0.0
Queen Christin,0.0
Queen Diva,0.0
Queen Rogue,0.0
Queeny Love,0.0
Quinn Ahe,0.0
Quinn Helix,0.0
Quinn Koloski,0.0
Quinn Lindemann,0.0
Quinn Quest,0.0
Quinn Rain,0.0
Quinn Waters,3.0
Quinn Wilde,11.0
Quinton James,3.0
Qutie Quinn,0.0
REBECCA LINARES,1.0
ROB PIPER,1.0
Rachael Cavalli,30.0
Rachael Madori,7.0
Rachel Aldana,0.0
Rachel Aziani,0.0
Rachel Evans,3.0
Rachel James,9.0
Rachel Love,1.0
Rachel Luv,0.0
Rachel Milan,0.0
Rachel Raven,1.0
Rachel Raxxx,0.0
Rachel Rivers,10.0
Rachel Rose,1.0
Rachel Roxx,24.0
Rachel Roxxx,25.0
Rachel Ryan,0.0
Rachel Solari,0.0
Rachel Star,74.0
Rachel Starr,73.0
Rachel Steele,0.0
Rachele Richey,12.0
Racquel Darrian,0.0
Racquel Devonshire,0.0
Rae Lil Black,71.0
Rae Rodgers,0.0
Raelilblack,3.0
Rahyndee James,108.0
Rain Degre,0.0
Ralf Christian,2.0
Ralph Long,0.0
Ramon Nomar,16.0
Ran Asakawa,0.0
Randi Storm,0.0
Randi Wright,1.0
Randy Moore,0.0
Rane Revere,0.0
Raquel Devin,2.0
Raquel Devine,2.0
Raquel Diamond,2.0
Raquel Sieb,2.0
Raven Alexis,2.0
Raven Bay,16.0
Raven Black,0.0
Raven Hart,7.0
Raven Redmond,0.0
Raven Riley,0.0
Raven Rockette,1.0
Raven Sky,0.0
Raylene,8.0
Raylin Ann,6.0
Rayna Lee,0.0
Reagan Foxx,58.0
Rebeca Linares,10.0
Rebecca Bardoux,0.0
Rebecca Blue,1.0
Rebecca Jane,3.0
Rebecca Lane,0.0
Rebecca Lord,0.0
Rebecca Love,0.0
Rebecca More,2.0
Rebecca Rainbow,30.0
Rebecca Smythe,0.0
Rebecca Volpetti,46.0
Rebecca Wild,0.0
Rebeka Black,1.0
Rebel Lynn,29.0
Rebel Rhyder,1.0
Red Fox,11.0
Red Xxx,0.0
Ree Petra,0.0
Reena Sky,18.0
Regan Anthony,1.0
Regan Reese,1.0
Regina Ice,1.0
Regina Moon,9.0
Regina Rizzi,0.0
Regina Sipos,0.0
Regina Sparks,11.0
Rei Himekawa,0.0
Rei Mizuna,0.0
Reiko Kobayakawa,0.0
Reiko Nakamori,0.0
Remy Lacroix,21.0
Renae Cruz,3.0
Renata Black,2.0
Renata Daninsky,0.0
Renata Fox,33.0
Renato,2.0
Renee Perez,1.0
Renee Pornero,0.0
Renee Richards,0.0
Renee Roulette,3.0
Renna Ryann,2.0
Rex Ryder,2.0
Reyna Mae,0.0
Rharri Rhound,8.0
Rhaya Shyne,4.0
Rhianna Ryan,1.0
Rhiannon Ryder,4.0
Rhyanna Lee,0.0
Rhylee Richards,0.0
Ria Hill,1.0
Ria Rodrigez,0.0
Ria Sunn,12.0
Richard Mann,3.0
Richelle Ryan,40.0
Richie Calhoun,1.0
Ricki Raxxx,0.0
Ricki White,1.0
Ricky Johnson,54.0
Ricky Spanish,16.0
Rico Strong,49.0
Rihanna Rimes,0.0
Rihanna Samuel,1.0
Rika Sakurai,0.0
Rika Sonohara,0.0
Rikki Nyx,1.0
Rikki Six,4.0
Rikki Waters,0.0
Riko Tachibana,0.0
Rilee Marks,1.0
Riley Chase,0.0
Riley Evans,2.0
Riley Jacobs,2.0
Riley Jean,6.0
Riley Jenner,9.0
Riley Jensen,2.0
Riley Mae,1.0
Riley Mason,0.0
Riley Nixon,4.0
Riley Ray,0.0
Riley Reid,382.0
Riley Reyes,27.0
Riley Reynolds,4.0
Riley Shy,2.0
Riley Star,30.0
Riley Steele,21.0
Riley Winter,2.0
Rilynn Rae,17.0
Rin Aoki,0.0
Rin Momoka,0.0
Rina Ellis,14.0
Rina Kato,0.0
Rio Hamasaki,0.0
Rio Lee,0.0
Rio Mariah,0.0
Rion King,6.0
Risa Misaki,1.0
Risa Murakami,0.0
Risa Tsukino,0.0
Risi Simms,2.0
Rita Akira,0.0
Rita Daniels,0.0
Rita Faltoyano,4.0
Rita Rush,6.0
River Fox,7.0
Rob Piper,14.0
Robbin Banx,1.0
Robby Echo,10.0
Robbye Bentley,1.0
Roberta Gemma,4.0
Roberta Missoni,0.0
Robin Pachino,0.0
Rocco Siffredi,24.0
Rocky Emerson,14.0
Roge Ferro,0.0
Romana,1.0
Rome Major,8.0
Romeo Price,1.0
Romi Rain,62.0
Ron Jeremy,0.0
Roni Ford,0.0
Rosalie Ruiz,0.0
Rosalyn Sphinx,8.0
Rosario Stone,0.0
Rose Darling,2.0
Rose Marie,0.0
Rose Monroe,72.0
Rose Red,6.0
Rosemary Moyer,0.0
Rosemary Radeva,2.0
Rosie Whiteman,0.0
Rossy_Bush-?,1.0
Roxanne Hall,4.0
Roxanne Milana,1.0
Roxanne Rae,3.0
Roxxxy Rush,0.0
Roxy Cameron,20.0
Roxy Dee,12.0
Roxy Deville,0.0
Roxy Jezel,2.0
Roxy Lips,23.0
Roxy Lovette,1.0
Roxy Panther,0.0
Roxy Raye,8.0
Roxy Reed,0.0
Roxy Reynolds,0.0
Roxy Ryder,3.0
Roxy Sky,26.0
Roxy Taggart,1.0
Rozen Debowe,0.0
Ruby Knox,1.0
Ruby Rayes,1.0
Ruby Red,0.0
Rucca Page,1.0
Rui Akikawa,0.0
Rui Hazuki,0.0
Rui Natsukawa,0.0
Rui Yazawa,0.0
Ruka Kanae,0.0
Ruri Saijo,0.0
Ruth Blackwell,0.0
Ryaan Reynolds,0.0
Ryan Conner,12.0
Ryan Driller,4.0
Ryan Keely,19.0
Ryan Madison,44.0
Ryan Mclane,19.0
Ryan Riesling,5.0
Ryan Ryans,10.0
Ryan Ryder,1.0
Ryan Smiles,6.0
Ryder Cummings,0.0
Ryder Skye,2.0
Rylie Richman,2.0
SAD,1.0
SCORPIO,1.0
SPANKWANK00,3.0
Sabina Black,0.0
Sabina Blue,0.0
Sabina Moore,0.0
Sabina Rouge,11.0
Sabrina Banks,15.0
Sabrina Blond,0.0
Sabrina Deep,0.0
Sabrina Fox,0.0
Sabrina Jade,0.0
Sabrina Johnson,0.0
Sabrina Maui,0.0
Sabrina Moore,5.0
Sabrina Pepe,0.0
Sabrina Rose,0.0
Sabrina Sabrok,0.0
Sabrina Spice,11.0
Sabrina Star,1.0
Sabrina Starr,1.0
Sabrina Sweet,4.0
Sabrina Taylor,0.0
Sabrisse,4.0
Sabrisse Aaliyah,0.0
Sade Mare,6.0
Sadie Blair,1.0
Sadie Blake,6.0
Sadie Holmes,7.0
Sadie Kennedy,4.0
Sadie Pop,13.0
Sadie Santana,3.0
Sadie Swede,0.0
Sadie West,1.0
Saffron Bacchus,1.0
Sahara Knite,2.0
Sahara Sands,0.0
Sailor Luna,6.0
Saki Tsuji,0.0
Sakura Kiryu,0.0
Sakura Sakurada,0.0
Sakura Sena,0.0
Sally Charles,0.0
Sally Layd,0.0
Sally Squirt,13.0
Salma De Nora,0.0
Sam Bourne,8.0
Sam Shock,4.0
Sam Tye,0.0
Samantha Bentley,2.0
Samantha Faye,0.0
Samantha G,0.0
Samantha Hayes,13.0
Samantha Jolie,2.0
Samantha Parker,3.0
Samantha Rone,31.0
Samantha Ryan,4.0
Samantha Saint,21.0
Samantha Sanders,0.0
Samantha Sin,1.0
Samantha Strong,0.0
Sami Parker,6.0
Sami White,1.0
Samia Daurte,2.0
Samia Duarte,2.0
Sammie Daniels,11.0
Sammie Rhodes,5.0
Sammie Spades,3.0
Sammie Sparks,0.0
Sammy Grand,1.0
Sammy Jayne,0.0
Samone Taylor,0.0
Samora Morgan,0.0
Sana Fey,0.0
Sandee Westgate,1.0
Sandi Jackmon,0.0
Sandra Black,0.0
Sandra Iron,0.0
Sandra Kay,0.0
Sandra Luberc,2.0
Sandra Mark,0.0
Sandra Parker,0.0
Sandra Rodriguez,0.0
Sandra Romain,9.0
Sandra Russo,0.0
Sandra Sanchez,0.0
Sandra Shine,2.0
Sandra Star,0.0
Sandra Wellness,16.0
Sandy,1.0
Sandy Fantasy,0.0
Sandy Style,0.0
Sandy Summer,0.0
Sandy Sweet,0.0
Santino Lee,0.0
Sapphira A,1.0
Sara Bell,2.0
Sara Fay,0.0
Sara James,0.0
Sara Jay,47.0
Sara Kay,0.0
Sara Luvv,31.0
Sara May,0.0
Sara Monroe,4.0
Sara Nice,0.0
Sara Seori,0.0
Sara Stone,4.0
Sarah Banks,1.0
Sarah Blake,0.0
Sarah Blue,1.0
Sarah Dark,0.0
Sarah James,0.0
Sarah Jane,0.0
Sarah Jane Ceylon,0.0
Sarah Jane Hamilton,0.0
Sarah Jessie,28.0
Sarah Kay,8.0
Sarah Louise,0.0
Sarah Nicola Randall,0.0
Sarah Peachez,1.0
Sarah Shevon,5.0
Sarah Silverman,0.0
Sarah Star,2.0
Sarah Twain,1.0
Sarah Vandella,61.0
Sarah Vickers,2.0
Sarah Young,1.0
Sarai Minx,0.0
Sarenna Lee,0.0
Sarika Ahe,0.0
Sasha Blonde,0.0
Sasha Cane,1.0
Sasha Foxxx,9.0
Sasha Grey,7.0
Sasha Hall,0.0
Sasha Heart,0.0
Sasha Jones,0.0
Sasha Knox,0.0
Sasha Rose,32.0
Sasha Sean,2.0
Sasha Sparrow,21.0
Sasha Sweet,0.0
Sasha Von,0.0
Sasha Yung,0.0
Sasha Zima,2.0
Sashasparrow,1.0
Satin Bloom,3.0
Satine Phoenix,1.0
Satine Spark,5.0
Sativa Rose,5.0
Savana Styles,22.0
Savanna Samson,0.0
Savannah Bond,18.0
Savannah Fox,13.0
Savannah Gold,1.0
Savannah Jane,0.0
Savannah Paige,0.0
Savannah Sixx,24.0
Savannah Stern,7.0
Saya Karim,0.0
Saya Song,8.0
Scarlet Red,11.0
Scarletskiesxxx,0.0
Scarlett,8.0
Scarlett Bloom,11.0
Scarlett Fall,1.0
Scarlett Fay,1.0
Scarlett Mae,27.0
Scarlett Pain,1.0
Scarlett Sage,20.0
Scarlett Snow,1.0
Scarlett Sweets,0.0
Scarlit Scandal,11.0
Scorpio,1.0
Scott Nails,13.0
Sea J Raw,1.0
Sean Lawless,68.0
Sean Michaels,9.0
Selena Castro,2.0
Selena Rose,3.0
Selena Santana,7.0
Selena Silver,0.0
Selena Skye,0.0
Selena Sosa,1.0
Selena Star,1.0
Selena Steele,0.0
Selena Stone,3.0
Selma Sins,6.0
Selvaggia Babe,0.0
Sensi Pearl,0.0
Sensual Jane,8.0
September Carrino,0.0
September Reign,1.0
Sera Ryder,2.0
Serena Avary,1.0
Serena Avery,2.0
Serena Blair,8.0
Serena L,2.0
Serena Marcus,0.0
Serena Santos,11.0
Serena Skye,3.0
Serena Wood,3.0
Serene Siren,5.0
Serina Hayakawa,0.0
Serpente Edita,2.0
Seth Dickens,1.0
Seth Gamble,19.0
Sex,0.0
Sextwoo,44.0
Sexy Body,5.0
Sexy Cora,0.0
Sexy Jade,0.0
Sexy Susi,1.0
Sexy Vanessa,1.0
Sexy Venera,0.0
Sexy body,1.0
Shae Celestine,3.0
Shae Snow,1.0
Shae Summers,1.0
Shakila Asti,1.0
Shalina Devine,58.0
Shana Lane,8.0
Shanda Fay,0.0
Shane Blair,7.0
Shane Diesel,35.0
Shanna Mccullough,0.0
Shannon Kelly,0.0
Shantel Feya,3.0
Shara Jones,0.0
Sharka Blue,0.0
Sharon Da Vale,1.0
Sharon Kane,0.0
Sharon Lee,16.0
Sharon Mitchell,0.0
Sharon Pink,0.0
Sharon Wild,0.0
Shauna Grant,0.0
Shawn Diesel,2.0
Shawna Hill,0.0
Shawna Lenee,11.0
Shay Evans,7.0
Shay Fox,1.0
Shay Golden,1.0
Shay Hendrix,1.0
Shay Laren,1.0
Shay Sights,1.0
Shay Sweet,0.0
Shaye Bennet,1.0
Shayla Laveaux,0.0
Shayna Knight,0.0
Shazia Sahari,0.0
Sheena Ryde,20.0
Sheena Ryder,21.0
Sheena Shaw,12.0
Sheila Grant,1.0
Sheila Marie,5.0
Sheila Ortega,2.0
Shelby Good,1.0
Sheri Vi,13.0
Sheridan Love,3.0
Shi Reeves,0.0
Shinobu Kasagi,0.0
Shion Utsunomiya,0.0
Shione Cooper,0.0
Shona River,20.0
Shorty Mac,3.0
Shrima Malati,47.0
Shy Angela,1.0
Shy Love,3.0
Shyla Jennings,17.0
Shyla Shy,0.0
Shyla Stylez,14.0
Sidney Lange,0.0
Sienna Day,24.0
Sienna Hills,0.0
Sienna Milano,1.0
Sienna West,4.0
Sierra Day,2.0
Sierra Nevadah,13.0
Sierra Nicole,12.0
Sierra Sanders,5.0
Sierra Sinn,0.0
Sierra Snow,0.0
Silvia Dellai,32.0
Silvia Jons,1.0
Silvia Ruby,0.0
Silvia Saige,29.0
Silvia Saint,1.0
Silvie Delux,9.0
Simone Lopez,0.0
Simone Peach,7.0
Simone Sonay,1.0
Simone Stephens,0.0
Simone Style,7.0
Simony Diamond,7.0
Sincerre Lemore,0.0
Sindee Coxx,0.0
Sindee Jennings,1.0
Sindee Shay,0.0
Sindy Rose,0.0
Sinn Sage,11.0
Sinnamon Love,0.0
Sintia Stone,0.0
Siouxsie Q,1.0
Siri,22.0
Sizi Sev,0.0
Skarlit Knight,1.0
Skin Diamond,12.0
Sky Lopez,0.0
Sky Pierce,22.0
Sky Taylor,0.0
Skye Blue,26.0
Skye West,9.0
Skyla Novea,24.0
Skylar Green,4.0
Skylar Madison,13.0
Skylar Price,1.0
Skylar Snow,19.0
Skylar Valentine,6.0
Skylar Vox,40.0
Skyler Mckay,1.0
Skyler Nicole,1.0
Skyler Price,0.0
Skyy Black,0.0
Sloan Harper,14.0
Slut Jasmine,0.0
Small Hands,19.0
Smokie Flame,0.0
Sofi Goldfinger,21.0
Sofi Ryan,31.0
Sofi Shane,0.0
Sofia Cuccis,1.0
Sofia Curly,1.0
Sofia Gucci,0.0
Sofia Lauryn,0.0
Sofia Lee,23.0
Sofia Like,10.0
Sofia Moon,1.0
Sofia Nix,4.0
Sofia Rae,0.0
Sofia Rose,1.0
Sofia Staks,0.0
Sofia Valentine,0.0
Sofie Marie,14.0
Sofie Reyez,13.0
Sofy Soul,4.0
Sofy Torn,21.0
Solazola,46.0
Sole Dior,0.0
Sonia Red,0.0
Sonya Sweet,30.0
Sophia Bella,1.0
Sophia Castello,0.0
Sophia Delane,0.0
Sophia Ferrari,0.0
Sophia Gently,0.0
Sophia Grace,24.0
Sophia Jade,1.0
Sophia Knight,4.0
Sophia Laure,6.0
Sophia Leone,31.0
Sophia Lomeli,0.0
Sophia Lux,5.0
Sophia Lynn,2.0
Sophia Rossi,0.0
Sophia Santi,2.0
Sophia Smith,1.0
Sophia Sutra,0.0
Sophia Torres,1.0
Sophie Anderson,1.0
Sophie Dee,19.0
Sophie Evans,0.0
Sophie Logan,2.0
Sophie Lynx,5.0
Sophie Moon,0.0
Sophie Paris,0.0
Sophie Sweet,0.0
Sora Aoi,0.0
Sorana,1.0
Soraya Carioca,0.0
Soraya Rico,1.0
Sovereign Syre,16.0
Spankwank00,3.0
Sparks Go Wild,10.0
Speedy Bee,0.0
Spencer Scott,3.0
Spicy J,8.0
Spring Thomas,0.0
Stacey Cash,0.0
Stacey Lacey,0.0
Stacey Saran,11.0
Stacey Stax,0.0
Stacey Sweet,0.0
Staci Carr,9.0
Staci Silverstone,6.0
Staci Thorn,0.0
Stacie Jaxxx,1.0
Stacie Lane,0.0
Stacie Starr,0.0
Stacy Adams,0.0
Stacy Bloom,28.0
Stacy Burke,0.0
Stacy Cruz,42.0
Stacy Silver,2.0
Stacy Snake,12.0
Stacy Thorn,0.0
Stacy Valentine,0.0
Starla Sterling,1.0
Stefania Mafra,1.0
Stefanie Moon,5.0
Stefany Kyler,3.0
Stella Cox,32.0
Stella Daniels,6.0
Stella Del Croix,0.0
Stella Flex,11.0
Stella Hot,0.0
Stella Rae,8.0
Stella Raee,5.0
Stella Star,0.0
Stephani Moretti,5.0
Stephanie Cane,2.0
Stephanie Kane,0.0
Stephanie Moon,1.0
Stephanie Rage,0.0
Stephanie Sage,0.0
Stephanie Saint,1.0
Stephanie Sierra,0.0
Stephanie Stalls,0.0
Stephanie Swift,0.0
Stephanie Vixen,15.0
Stephanie West,7.0
Stephanie Wylde,0.0
Steve Holmes,19.0
Steve Hooper,2.0
Steve Mori,8.0
Steve Q,3.0
Stevie Lix,1.0
Stevie Shae,11.0
Stoney Lynn,1.0
Stormy Daniels,0.0
Stoya,5.0
Stracy Stone,0.0
Strapon Jane,0.0
Strawberry Sandy,0.0
Stunning Summer,0.0
Subil Arch,8.0
Sue Diamond,0.0
Sugar Babe,2.0
Sugar Baby,9.0
Summer Bailey,1.0
Summer Breeze,0.0
Summer Brielle,20.0
Summer Brielle Taylor,2.0
Summer Brooks,5.0
Summer Carter,6.0
Summer Cummings,0.0
Summer Daniels,1.0
Summer Day,19.0
Summer Hart,5.0
Summer Knight,0.0
Summer Love,3.0
Summer Lynn,0.0
Summer Rose,0.0
Summer Sinn,2.0
Summer Slate,0.0
Summer Storm,0.0
Sunni Mayweather,1.0
Sunny Day,5.0
Sunny Green,1.0
Sunny Jay,0.0
Sunny Lane,4.0
Sunny Leone,4.0
Sunny Mckay,0.0
Sunny Spark,2.0
Sunrise Adams,0.0
Sunset Diamond,1.0
Sunset Thomas,0.0
Susan Ayn,2.0
Susan Snow,0.0
Susana Spears,0.0
Susanna White,0.0
Susanne Brend,0.0
Susi Gala,3.0
Susie Diamond,0.0
Susy Gala,17.0
Susy Rocks,0.0
Suzanna Aye,0.0
Suzanne Kelly,1.0
Suzie Best,0.0
Suzie Carina,1.0
Suzie Diamond,0.0
Suzie Q,7.0
Suzie Sun,2.0
Suzuka Ishikawa,0.0
Suzy Rainbow,4.0
Suzy Sweet,0.0
Sweet Bunny,93.0
Sweet Cat,4.0
Sweet Krissy,0.0
Sweet Sugar,0.0
Sweet Susi,0.0
Sweetie Nice,0.0
Sybelle Watson,0.0
Sybil,67.0
Sybil A Kailena,0.0
Sybil Kailena,8.0
Sybil Stallone,8.0
Syd Blakovich,0.0
Sydnee Capri,0.0
Sydnee Steele,0.0
Sydnee Taylor,0.0
Sydney Capri,0.0
Sydney Cole,56.0
Sylvia Diamond,0.0
Sylvia Saint,0.0
Syren De Mar,0.0
Syren De Mer,24.0
Syren Demar,2.0
Syren Demer,1.0
Syren Lee,0.0
Szilvia Lauren,1.0
Tabatha Tucker,3.0
Tabitha Cash,0.0
Tabitha James,1.0
Tabitha Stevens,0.0
Tacori Blu,3.0
Taija Rae,0.0
Taisa Banx,0.0
Taissa Shanti,3.0
Taissia Shanti,11.0
Tali Dova,14.0
Talia Mint,125.0
Talia Palmer,1.0
Talia Shepard,0.0
Talita Brandao,0.0
Tamara Grace,3.0
Tammie Lee,1.0
Tana Lea,8.0
Tania Russof,0.0
Tanner Mayes,3.0
Tanya Cocks,0.0
Tanya Danielle,0.0
Tanya Hansen,0.0
Tanya James,3.0
Tanya Tate,7.0
Tara Ashley,16.0
Tara Holiday,9.0
Tara Lynn,3.0
Tara Lynn Foxx,2.0
Tara Moon,1.0
Tara Pink,0.0
Tara Tainton,0.0
Tarra White,12.0
Taryn Thomas,1.0
Tasha Lynn,1.0
Tasha Reign,26.0
Tasty Stacey,10.0
Tatiana Kush,0.0
Tatianna Kush,1.0
Tatianna kush,1.0
Tatiyana Foxx,0.0
Tavalia Griffin,0.0
Tawni Ryden,0.0
Tawny Roberts,0.0
Taylor Blake,5.0
Taylor Dare,1.0
Taylor Little,0.0
Taylor Luxx,0.0
Taylor Lynn,0.0
Taylor Mae,0.0
Taylor May,9.0
Taylor Pierce,1.0
Taylor Rain,0.0
Taylor Reed,3.0
Taylor Russo,0.0
Taylor Sands,32.0
Taylor Starr,0.0
Taylor Tilden,1.0
Taylor Valentine,1.0
Taylor Vixen,22.0
Taylor Wane,1.0
Taylor Wayne,1.0
Taylor Whyte,5.0
Teagan Presley,1.0
Teagan Summers,0.0
Teal Conrad,13.0
Teanna Kai,0.0
Teanna Trump,10.0
Teen Carolina,2.0
Teen Chloe,10.0
Teen Jessie,2.0
Teen Kasia,0.0
Teen Katie,0.0
Teen Kelly,2.0
Teen Lilly,0.0
Teena Lipoldino,1.0
Tegan James,3.0
Tegan Mohr,2.0
Tegan Riley,1.0
Tera Bond,4.0
Tera Dice,0.0
Tera Joy,2.0
Tera Patrick,0.0
Teri Sweet,0.0
Teri Weigel,0.0
Terri Summers,0.0
Terry Nova,0.0
Tess Lyndon,1.0
Tess Morgan,0.0
Tessa Fowler,0.0
Tessa Lane,5.0
Tessa Taylor,3.0
Tessa West,0.0
Tessa Winters,1.0
Tetti Dew Korti,1.0
Texas Patti,9.0
Texas Presley,0.0
Thomas Crown,2.0
Thomas Stone,3.0
Tia Cherry,0.0
Tia Cyrus,27.0
Tia Gunn,0.0
Tia Layne,0.0
Tia Ling,1.0
Tia Sweets,1.0
Tia Tanaka,0.0
Tiana Lynn,0.0
Tianna Love,1.0
Tiff Bannister,2.0
Tiffani Taylor,1.0
Tiffany Blake,0.0
Tiffany Brookes,3.0
Tiffany Diamond,0.0
Tiffany Doll,20.0
Tiffany Fox,6.0
Tiffany Haze,1.0
Tiffany Holiday,0.0
Tiffany Hopkins,0.0
Tiffany Kingston,0.0
Tiffany Kohl,1.0
Tiffany Leiddi,10.0
Tiffany Million,0.0
Tiffany Mynx,2.0
Tiffany Nunez,0.0
Tiffany Preston,1.0
Tiffany Rain,1.0
Tiffany Rayne,0.0
Tiffany Rose,0.0
Tiffany Rousso,36.0
Tiffany Star,3.0
Tiffany Storm,0.0
Tiffany Sweet,0.0
Tiffany Tatum,124.0
Tiffany Taylor,1.0
Tiffany Thompson,2.0
Tiffany Towers,0.0
Tiffany Tyler,11.0
Tiffany Walker,0.0
Tiffany Watson,50.0
Tigerr Benson,5.0
Tila Tequila,2.0
Timea Bella,4.0
Tina Blade,3.0
Tina Cheri,0.0
Tina Gabriel,0.0
Tina Hot,0.0
Tina Kay,69.0
Tina Lee,0.0
Tina Tyler,0.0
Tina Yuzuki,0.0
Tinslee Reagan,2.0
Tinslee Reagen,1.0
Tiny Star,0.0
Tiny Texie,0.0
Tiny Tina,2.0
Titus Steel,2.0
Tj Cummings,1.0
Tj Hart,0.0
Tobi Pacific,0.0
Tommie Jo,1.0
Tommie Ryden,3.0
Tommy Cabrio,1.0
Tommy Gunn,16.0
Tommy Pistol,10.0
Toni James,0.0
Toni Ribas,14.0
Toni Sweets,1.0
Tony D.,1.0
Tony De Sergio,1.0
Tony James,1.0
Tony Martinez,2.0
Tony Profane,10.0
Tony Rubino,41.0
Tony Tedeschi,0.0
Tony Tigrao,1.0
Topanga Fox,0.0
Tori Avano,2.0
Tori Black,269.0
Tori Lux,0.0
Tori Montana,1.0
Tori Taylor,0.0
Tori Welles,0.0
Torrey Pines,0.0
Tory Black,1.0
Tory Lane,7.0
Tosh Locks,0.0
Totally Tabitha,1.0
Totti,1.0
Tracey Adams,0.0
Tracey Lain,0.0
Tracey Sweet,1.0
Tracy Delicious,0.0
Tracy Gold,0.0
Tracy Lindsay,1.0
Tracy Mathis,0.0
Tricia Oaks,4.0
Tricia Uptown,0.0
Trillium,6.0
Trina Michaels,1.0
Trinity Loren,0.0
Trinity Post,0.0
Trinity St Clair,11.0
Trisha Brill,0.0
Trisha Parks,16.0
Trisha Rey,2.0
Tristan Berrimore,2.0
Tristian Kingsley,0.0
Tristyn Kennedy,3.0
Trixie Star,0.0
Troy Francisco,8.0
Tru Kait,22.0
Try Me,0.0
Tsubasa Amami,0.0
Tt Boy,0.0
Tucker Starr,1.0
Tuesday Cross,0.0
Tweety Valentine,2.0
Tyla Wynn,0.0
Tyler Faith,4.0
Tyler Nixon,32.0
Tyler Steel,22.0
Tyra Misoux,0.0
Tyra Moore,0.0
Tysen Rich,1.0
Uika Hoshikawa,0.0
Ulya I,0.0
Ulyana,4.0
Uma Jolie,31.0
Uma Masome,0.0
Uma Stone,0.0
Uma Zex,0.0
Undercoversluts,59.0
Ursa Finley,0.0
Ursula Grande,0.0
Ursula Moore,0.0
Urszula Jade,0.0
Uschi Digard,0.0
Utah Sweet,0.0
Val Malone,0.0
Val Steele,8.0
Valentina Bianco,12.0
Valentina Blue,1.0
Valentina Cruz,0.0
Valentina Jewels,19.0
Valentina Nappi,114.0
Valentina Ross,7.0
Valentina Rossi,1.0
Valentina Rossini,1.0
Valentina Rush,0.0
Valentina Velasques,0.0
Valentine Demy,0.0
Valeria Flores,1.0
Valerica Steele,1.0
Valerie Fox,0.0
Valerie Herrera,0.0
Valerie Kay,31.0
Valerie Luxe,1.0
Valerie Rios,1.0
Valerie White,6.0
Valery S,2.0
Vallerie White,1.0
Valory Irene,0.0
Van Wylde,6.0
Vanda Bee,0.0
Vanda Lust,3.0
Vandal Vyxen,1.0
Vanessa B,1.0
Vanessa Blake,0.0
Vanessa Blue,0.0
Vanessa Cage,26.0
Vanessa Chase,0.0
Vanessa Cruz,0.0
Vanessa Decker,14.0
Vanessa Del,0.0
Vanessa Del Rio,0.0
Vanessa Gold,0.0
Vanessa Hell,2.0
Vanessa Hill,1.0
Vanessa Jordin,2.0
Vanessa Lane,0.0
Vanessa Lee,0.0
Vanessa Leon,6.0
Vanessa Luna,0.0
Vanessa Lynn,1.0
Vanessa Mae,0.0
Vanessa Monet,0.0
Vanessa Naughty,3.0
Vanessa Paradise,0.0
Vanessa Sky,16.0
Vanessa Veracruz,14.0
Vanessa Videl,0.0
Vanilla Deville,0.0
Vanilla Skye,0.0
Vanna Bardot,42.0
Vannah Sterling,1.0
Vega Vixen,0.0
Velicity Von,1.0
Velocity Von,1.0
Velvet Rose,0.0
Venus Adonis,5.0
Venus Afrodita,7.0
Vera Bliss,2.0
Vera Drake,2.0
Vera King,12.0
Vera Rayne,1.0
Vera Wonder,2.0
Verona Sky,34.0
Veronica Avluv,38.0
Veronica Bottoms,0.0
Veronica Brazil,0.0
Veronica Clark,4.0
Veronica Da Souza,0.0
Veronica Diamond,0.0
Veronica Hart,0.0
Veronica Jett,0.0
Veronica Leal,54.0
Veronica Lynn,0.0
Veronica Orozco,0.0
Veronica Radke,5.0
Veronica Rayne,3.0
Veronica Ricci,1.0
Veronica Rodriguez,58.0
Veronica Sanchez,0.0
Veronica Snow,0.0
Veronica Stone,0.0
Veronica Vain,9.0
Veronica Valentine,4.0
Veronica Vanoza,0.0
Veronica Vaughn,0.0
Veronica Zemanova,0.0
Veronika Charm,9.0
Veronika Fasterova,0.0
Veronika Raquel,0.0
Veronika Simon,0.0
Veronique Vega,0.0
Veruca James,14.0
Via Lasciva,38.0
Vica Ryder,0.0
Vicca,3.0
Vicki Chase,39.0
Vickie Powell,0.0
Vicky Chase,1.0
Vicky Love,2.0
Vicky Vette,2.0
Vicky Vixen,1.0
Victor Solo,0.0
Victoria Allure,0.0
Victoria Blaze,2.0
Victoria Cakes,6.0
Victoria Daniels,6.0
Victoria Givens,0.0
Victoria June,25.0
Victoria Lanz,1.0
Victoria Lawson,1.0
Victoria Love,1.0
Victoria Paris,0.0
Victoria Puppy,2.0
Victoria Pure,22.0
Victoria Rae,9.0
Victoria Rae Black,1.0
Victoria Red,0.0
Victoria Rose,2.0
Victoria Rush,1.0
Victoria Sin,0.0
Victoria Summers,8.0
Victoria Sweet,5.0
Victoria Swinger,0.0
Victoria Tiffani,0.0
Victoria Valentina,0.0
Victoria Valentino,2.0
Victoria Vargaz,1.0
Victoria Vonn,0.0
Victoria Voss,0.0
Victoria Voxxx,17.0
Victoria White,13.0
Vida Valentine,0.0
Vienna Black,28.0
Vienna Rose,15.0
Viktoria Sweet,3.0
Vina Sky,120.0
Vina Skyy,1.0
Vince Karter,1.0
Vinna Reed,35.0
Viola Oh,0.0
Violet Monroe,6.0
Violet Moreau,21.0
Violet Myers,21.0
Violet Rain,3.0
Violet Smith,1.0
Violet Star,39.0
Violet Starr,42.0
Violet Storm,1.0
Violet Vasquez,0.0
Violette Pink,5.0
Violette Pure,1.0
Violla A,0.0
Virgo Peridot,7.0
Vittoria Dolce,1.0
Vittoria Risi,0.0
Viva Athena,2.0
Vivian,23.0
Vivian Mello,0.0
Vivian Schmitt,0.0
Vivian Valentine,0.0
Vivian West,1.0
Vivienne Del Rio,0.0
Vixen Vogel,0.0
Vyvan Hill,4.0
Vyxen Steel,13.0
Walda Rada,0.0
Wanda Curtis,0.0
Wanda Lust,0.0
Wendy Star,0.0
Wendy Taylor,0.0
Wendy Whoppers,0.0
Wenonas World,0.0
Wet Dream,5.0
White Angel,0.0
Whitney Conroy,1.0
Whitney Grace,0.0
Whitney Stevens,1.0
Whitney Taylor,0.0
Whitney Westgate,26.0
Whitney Wonders,0.0
Whitney Wright,75.0
Wife,0.0
Will Pounder,1.0
Will Powers,4.0
Will Tile,3.0
Willow Hayes,0.0
Willow Winters,1.0
Winter Jade,15.0
Winter Sky,0.0
Winter Spice,1.0
Xana Star,0.0
Xander Corvus,31.0
Xandra Brill,0.0
Xandra Sixx,1.0
Xanthia Doll,0.0
Xena Misty,0.0
Xena Wilkes,0.0
Xenia Blue,0.0
Xev Bellringer,1.0
Xev Delexx,0.0
Xianna Hill,1.0
Xo Rivera,2.0
Yanick Shaft,1.0
Yara Skye,2.0
Yarina A,0.0
Yasmin Scott,12.0
Yasmine De Leon,0.0
Yasmine Gold,2.0
Yazmina Melendez,0.0
Yhivi,11.0
Yua Mikami,0.0
Yuffie Yulan,1.0
Yui Hatano,2.0
Yui Komine,0.0
Yui Oba,0.0
Yuka Osawa,0.0
Yuki Mori,6.0
Yuki Tsukamoto,0.0
Yulia Bright,0.0
Yuma Asami,0.0
Yuri Aine,0.0
Yurizan Beltran,20.0
Yuu Haruka,1.0
Yvette Bova,0.0
Zac Wild,5.0
Zafira,6.0
Zara Durose,2.0
Zara Whites,0.0
Zarena Summers,1.0
Zaya Cassidy,2.0
Zazie Skymm,32.0
Zeina Heart,0.0
Zelda Bee,0.0
Zelda Morrison,4.0
Zena Little,8.0
Ziggy Star,8.0
Zoe Bloom,17.0
Zoe Britton,0.0
Zoe Clark,10.0
Zoe Doll,15.0
Zoe Mcdonald,0.0
Zoe Parker,8.0
Zoe Rush,0.0
Zoe Sparx,11.0
Zoe Voss,4.0
Zoe Wood,4.0
Zoey Andrews,0.0
Zoey Foxx,3.0
Zoey Holloway,12.0
Zoey Laine,6.0
Zoey Monroe,42.0
Zoey Nixon,1.0
Zoey Portland,6.0
Zoey Reyes,0.0
Zoey Taylor,6.0
Zora Banks,0.0
Zorah White,1.0
Zuzana Zeleznovova,0.0
Zuzu Sweet,2.0
alex coal,1.0
alexis crystal,1.0
alina lopez,1.0
anal,0.0
ariana marie,1.0
ariel lilit a,1.0
arteya,1.0
aspen richardson,1.0
bbc,1.0
bedroom,0.0
bella rolland,1.0
bill bailey,1.0
camila,4.0
casca akashova,1.0
cherry kiss,1.0
christina shine,1.0
cum,0.0
dp,1.0
emily willis,1.0
heather night,1.0
helena moeller,1.0
holly white,1.0
jessica robbin,1.0
johnnys ins tori,1.0
joseline kelly,1.0
josephine jackson,2.0
kecy hill,1.0
linet slag,1.0
little caprice,1.0
markus dupree,0.0
milf,0.0
mily mendoza,1.0
moka mora,1.0
natalie heart,1.0
nova cane,1.0
peach,13.0
piper perri,1.0
sophia grace,1.0
van wylde,1.0
violet starr,1.0
wife,0.0
平川みな,3.0
,0.0
